symbol,trough,peak,multiple,series_at_peak,mcap_trough_cr,mcap_peak_cr,value_med_peak_l,in_l1_today,mcap_known,entry,captured_multiple,share_of_log_move,why_never
VISESHINFO,2019-01-01,2022-01-31,142606336.0,BE,4.4994791209697735e-06,641.65423135,145.856564,False,True,,,0.0,series BE
UVSL,2019-09-11,2020-02-01,262144.0,EQ,,,7.838890999999999,False,False,,,0.0,mcap unknown; value < 50 L
MVL,2019-08-30,2019-11-26,16384.0,BE,,,0.22862,False,False,,,0.0,series BE; mcap unknown; value < 50 L
BLUECHIP,2020-01-20,2024-11-12,6272.0,BE,0.008641303125,54.1982532,4.2679098,False,True,,,0.0,series BE; mcap < 500 cr; value < 50 L
E2E,2020-03-20,2026-08-17,504.5,BE,19.686171360000003,9932.1077049,7668.179883,False,True,2024-07-16,4.26,0.233,
PGEL,2020-03-30,2025-01-01,393.7,EQ,67.664077,26641.4290865,7763.749132000001,True,True,2021-04-27,33.11,0.586,
SELMC,2021-10-28,2022-04-27,380.2,BE,16.4016765,6235.1221725,0.2745,False,True,,,0.0,series BE; value < 50 L; listed < 1y
JITFINFRA,2020-05-19,2024-08-22,368.3,EQ,8.35370445,3076.7336082,421.41019600000004,True,True,2023-11-22,2.06,0.122,
WSI,2019-08-28,2024-07-15,363.1,EQ,2.34757925,852.35907409,237.8779155,False,True,2024-01-20,1.52,0.071,
INDOTHAI,2020-05-19,2025-11-25,362.5,BE,12.7,4604.0,1621.995919,False,True,2024-12-09,4.03,0.237,
CUPID,2019-07-19,2026-08-13,281.4,EQ,139.78224,39328.426799999994,53203.015016800004,True,True,2023-09-06,77.78,0.772,
ATNINTER,2019-01-14,2020-04-20,256.0,BE,,,0.018824,False,False,,,0.0,series BE; mcap unknown; value < 50 L
UNITEDPOLY,2020-06-09,2025-09-26,246.1,BE,4.225229249999999,1039.8254264999998,75.260664,False,True,,,0.0,series BE
GIRIRAJ,2019-09-23,2024-01-23,239.1,ST,10.022689500000002,2396.116485,16.483,False,True,,,0.0,series ST; value < 50 L
KERNEX,2020-03-24,2026-08-05,229.7,EQ,17.159958420000002,3940.9158562399994,3967.6048539999997,True,True,2024-03-11,4.14,0.262,
ROHITFERRO,2020-03-24,2022-01-12,229.2,BE,,,26.271078,False,False,,,0.0,series BE; mcap unknown; value < 50 L
CGPOWER,2020-03-30,2026-07-01,199.3,EQ,748.3689610600001,149139.2429541,28974.978559,True,True,2020-03-30,199.29,1.0,
JPOLYINVST,2020-03-31,2026-03-10,198.0,EQ,7.516029235000001,1488.0686692399997,98.07452,False,True,2022-10-25,2.52,0.175,
NPST,2021-11-30,2024-08-27,196.6,SM,34.63632,6809.526359999999,458.7863,True,True,,,0.0,series SM
JINDALPHOT,2020-03-24,2025-10-10,195.7,EQ,8.15536917,1595.6826093000002,23.486406000000002,False,True,2023-10-03,3.01,0.209,
EASTSILK,2019-10-15,2025-12-05,189.1,BE,3.947631,746.33911686,0.6234025,False,True,,,0.0,series BE; value < 50 L
LSIL,2020-03-25,2023-08-04,185.5,EQ,,,1709.5664880000002,False,False,,,0.0,mcap unknown
DIACABS,2023-09-18,2026-09-16,169.4,BE,6.2842569799999985,1064.6825934999997,6595.2041361,False,True,2026-05-14,2.06,0.14,
REFEX,2019-01-14,2024-09-27,162.1,EQ,39.17636225999999,6349.558713749999,3718.2149425,True,True,2022-11-10,12.7,0.499,
TTML,2020-03-31,2022-01-11,161.2,BE,351.88699086,56722.22799890499,4731.6017645,True,True,2020-08-04,82.9,0.869,
TRIL,2020-03-25,2024-06-13,160.5,BE,71.994881105,11554.822007050001,1530.2361625,False,True,2021-07-12,22.51,0.613,
WEBELSOLAR,2020-04-01,2024-12-26,154.4,EQ,50.225552930000006,7753.3059439,4680.6217945,True,True,2021-12-27,15.49,0.544,
TIPSINDLTD,2019-08-07,2024-08-19,144.7,EQ,68.51558576500001,9915.817013900001,2098.3207445,True,True,2021-05-31,8.31,0.426,
THOMASCOTT,2020-03-20,2024-12-24,142.9,BE,2.7484516500000002,392.75374078500005,87.08480519999999,False,True,,,0.0,series BE; mcap < 500 cr
ZODIAC,2020-04-07,2024-07-02,142.6,BE,8.377644399999998,1194.820376,78.932965,False,True,,,0.0,series BE
BSE,2020-03-23,2026-05-26,139.9,EQ,1278.4040834900002,178830.81647541004,125526.150982,True,True,2020-03-23,139.89,1.0,
DSSL,2020-03-25,2026-05-25,138.8,EQ,17.3260542,2405.4655907999995,384.05898799999994,True,True,2022-06-14,4.56,0.307,
AURIONPRO,2020-03-16,2024-08-29,133.2,EQ,72.70843345,9687.59226435,1350.7338775,True,True,2021-07-22,18.93,0.601,
SCAPDVR,2020-01-16,2023-04-17,131.3,EQ,,,104.18815199999999,False,False,,,0.0,mcap unknown
XPROINDIA,2020-03-23,2024-12-17,128.7,EQ,26.25373337,3378.66943464,278.735365,True,True,2021-08-11,6.18,0.375,
IZMO,2020-03-30,2025-09-26,124.9,BE,14.51959884,1813.2021255099999,484.16394149999996,True,True,2024-07-03,3.46,0.257,
PROINDIA,2021-05-20,2021-10-19,119.0,BE,,,0.5244405,False,False,,,0.0,series BE; mcap unknown; value < 50 L; listed < 1y
REGENCERAM,2020-02-24,2024-10-11,116.5,BE,2.37974274,277.213587624,2.9958340000000003,False,True,,,0.0,series BE; mcap < 500 cr; value < 50 L
ZENTEC,2020-03-31,2024-12-23,113.3,EQ,191.2006915,21658.205802,5753.040513999999,True,True,2020-07-28,43.31,0.797,
APOLLO,2020-03-24,2026-07-03,109.2,EQ,115.114654,12574.5995225,53103.6828628,True,True,2022-01-03,24.59,0.682,
KSOLVES,2020-07-09,2023-08-22,109.0,EQ,15.4128,1680.41016,402.93587149999996,True,True,2022-09-23,3.35,0.258,
TDPOWERSYS,2020-03-27,2026-09-11,104.5,EQ,240.50195554000007,25140.26285898,11250.688895,True,True,2021-02-15,49.12,0.838,
JAIBALAJI,2019-02-19,2024-02-29,104.3,BE,197.35520478,20578.69251143,1224.5667765,True,True,2021-08-16,19.76,0.642,
PRAKASHSTL,2019-08-22,2024-01-12,103.0,BE,2.6250058499999995,270.37560254999994,30.660982,False,True,,,0.0,series BE; mcap < 500 cr; value < 50 L
ADANIGREEN,2019-02-18,2022-04-18,98.2,EQ,4791.69824595,470536.8475899,12434.936947999999,True,True,2019-06-26,71.58,0.931,
SOLEX,2020-03-31,2025-11-20,97.9,EQ,15.68,1534.4,357.124125,True,True,2025-10-08,1.12,0.024,
VENUSREM,2019-10-09,2026-06-25,97.3,BE,26.733976,2602.5525636,679.6597284999999,True,True,2021-06-29,5.03,0.353,
RMDRIP,2022-07-26,2026-02-24,96.0,EQ,16.00125,1536.4964999999997,3058.1913783,False,True,2025-08-18,1.75,0.123,
NEULANDLAB,2020-03-30,2026-09-08,94.0,EQ,327.611215615,30785.318655500007,8018.75304,True,True,2020-04-15,60.4,0.903,
SOMATEX,2020-05-19,2025-11-04,90.3,BE,5.615609999999999,507.320814,19.516321,False,True,,,0.0,series BE; value < 50 L
RUCHI,2020-01-27,2020-06-26,89.4,EQ,,,36.745960499999995,False,False,,,0.0,mcap unknown; value < 50 L; listed < 1y
VMARCIND,2021-07-09,2026-08-24,89.3,SM,60.72387984000001,5425.50207456,717.729,False,True,,,0.0,series SM
VARDMNPOLY,2019-11-06,2025-01-09,87.6,BE,4.63946269,406.36234973,24.781888,False,True,,,0.0,series BE; mcap < 500 cr; value < 50 L
ASAL,2020-03-25,2024-07-03,86.6,EQ,19.116598385000007,1655.92575886,920.1165665000001,True,True,2022-01-04,1.44,0.082,
ELECON,2020-03-24,2024-10-16,85.5,EQ,191.86194015000004,16409.24488125,2671.000758,True,True,2021-01-04,30.09,0.765,
WINSOME,2019-09-30,2023-09-26,85.5,BE,0.70707229,60.454680795,0.005749,False,True,,,0.0,series BE; mcap < 500 cr; value < 50 L
VIJIFIN,2020-03-24,2026-09-07,84.5,BE,1.65,139.5075,7.5502951000000005,False,True,,,0.0,series BE; mcap < 500 cr; value < 50 L
MAANALU,2020-03-25,2024-10-31,84.3,EQ,16.090247039999998,1355.7452858879997,289.15867030000004,True,True,2023-11-08,1.69,0.118,
GANESHHOUC,2020-03-31,2025-02-06,83.4,EQ,148.01208475,12341.70625545,2208.33537,True,True,2021-08-20,11.94,0.561,
GRAVITA,2020-05-19,2024-09-17,82.4,EQ,223.33765179,18396.18775401,5647.372815,True,True,2020-12-30,36.63,0.816,
MBAPL,2019-01-04,2026-08-21,81.9,EQ,90.6938829,7427.259434400002,1257.752199,True,True,2022-03-21,8.79,0.493,
BIOFILCHEM,2019-10-24,2020-12-11,79.8,BE,6.916365,551.925927,79.5456025,False,True,,,0.0,series BE
DOLPHIN,2023-08-21,2024-05-21,78.9,BE,45.785241809999995,3614.613825899999,13.135679,True,True,,,0.0,series BE; value < 50 L; listed < 1y
AXISCADES,2020-03-25,2026-05-08,78.6,EQ,106.333552465,8359.00939016,2380.645763,True,True,2022-04-04,15.92,0.634,
APARINDS,2020-03-26,2026-09-21,77.4,EQ,983.72203435,76098.8727675,21765.48129,True,True,2020-03-26,77.36,1.0,
HEXATRADEX,2019-09-26,2024-09-03,77.4,EQ,26.51745792,2052.89320064,82.55644269999999,False,True,2021-05-24,3.08,0.259,
PREMEXPLN,2020-03-30,2024-06-21,77.0,EQ,62.201702614999995,4792.004116325,1473.3990065,True,True,2022-09-21,8.93,0.504,
SHAKTIPUMP,2020-03-24,2025-01-08,76.9,BE,192.80783644000005,14831.13167796,3356.5531495,True,True,2021-02-02,21.06,0.702,
BCG,2019-10-24,2021-12-17,76.9,BE,308.74204656899997,23742.868757717995,2946.5309675,True,True,2020-08-18,26.5,0.755,
MANAKCOAT,2020-04-07,2025-10-27,76.7,EQ,15.40050175,1181.64445555,285.03855039999996,True,True,2024-12-02,2.31,0.193,
V2RETAIL,2020-03-24,2026-06-04,76.3,EQ,116.22018576000002,8868.707032399998,2268.6166984,True,True,2021-02-05,17.57,0.661,
LGHL,2021-01-06,2025-09-23,75.6,EQ,26.089875000000006,1973.4381450000003,483.42853799999995,False,True,2025-06-06,1.66,0.117,
BAFNAPH,2020-03-02,2026-09-24,74.6,BE,10.881914099999998,811.8854172,14.2056195,False,True,,,0.0,series BE; value < 50 L
DBREALTY,2020-04-21,2024-03-07,74.4,EQ,149.60021716,11129.46878714,4865.7482335,True,True,2021-04-27,16.15,0.646,
RAMASTEEL,2020-03-26,2024-09-06,74.2,EQ,32.956169110000005,2445.0714687,1335.1012801000002,False,True,2021-10-12,4.37,0.343,
BLS,2020-05-18,2025-01-03,73.5,EQ,283.07187425,20813.5028994,7741.889808,True,True,2020-08-24,16.57,0.653,
SWANDEF,2025-01-21,2026-09-23,73.4,BE,189.65574000000004,13929.16046,374.325584,False,True,,,0.0,series BE; listed < 1y
GOODLUCK,2020-03-24,2026-07-13,72.6,EQ,71.33242570499999,5177.24073246,1745.879301,True,True,2021-07-15,10.08,0.539,
GPIL,2020-03-24,2026-05-20,72.3,EQ,297.922468385,21554.0122899,6053.587035,True,True,2020-06-08,39.45,0.858,
SEJALLTD,2021-12-13,2025-10-27,72.3,BE,13.7865,997.2235,39.975116,False,True,,,0.0,series BE; value < 50 L
BSHSL,2020-12-09,2023-02-03,72.3,BE,91.97752592,6653.023552,214.5079075,False,True,2023-01-23,1.48,0.091,
ONEPOINT,2019-11-29,2024-07-05,72.0,EQ,20.58618024,1481.4232236,397.204176,True,True,2023-11-20,1.6,0.109,
PITTIENG,2020-03-24,2024-12-09,71.0,EQ,65.862887685,4677.70727865,723.3899990000001,True,True,2021-07-22,9.24,0.522,
TANLA,2019-01-14,2022-01-14,71.0,EQ,390.6058933,27721.589336199995,5429.72603,True,True,2019-04-10,42.64,0.88,
SPCENET,2020-08-04,2024-02-27,70.1,EQ,29.365620569999997,2058.2630417699997,935.9850205,False,True,2023-04-24,2.3,0.196,
IWEL,2021-06-11,2024-09-23,69.3,BE,239.80694056500002,16611.735793185002,1334.572889,True,True,2022-11-11,11.56,0.578,
SPECTRUM,2021-07-26,2026-09-24,69.2,BE,73.331224,5074.671899200001,334.686908,False,True,2025-03-28,1.63,0.116,
FOCUS,2020-04-22,2024-01-11,69.2,EQ,20.54697825,1421.386930875,404.9923145,False,True,2023-02-13,2.81,0.244,
HBLPOWER,2020-03-25,2024-12-16,69.1,EQ,282.73884491999996,19539.471743539998,6103.3844925,True,True,2020-10-28,38.62,0.863,
BETA,2020-04-01,2026-08-11,68.4,EQ,37.493781,2565.2475857,509.70372799999996,True,True,2025-11-24,1.65,0.119,
JPPOWER,2020-03-25,2025-07-14,68.1,EQ,274.13835308000006,18661.968385921,6563.1079842,True,True,2020-09-04,10.28,0.552,
RPOWER,2020-03-25,2025-06-11,67.9,EQ,400.17421143,27162.300998681996,17875.7801539,True,True,2020-04-03,52.79,0.94,
BCONCEPTS,2020-06-18,2024-01-29,67.8,EQ,15.217686,1032.358932,62.04491900000001,False,True,2024-01-29,1.0,0.0,
SUBCAPCITY,2020-03-24,2022-08-12,66.4,BE,,,1.9288,False,False,,,0.0,series BE; mcap unknown; value < 50 L
ISMTLTD,2020-04-03,2024-07-22,66.3,EQ,67.61281117500002,4479.574116381,937.7624771,True,True,2021-12-10,3.16,0.274,
RAJRILTD,2022-03-16,2023-03-08,65.2,BE,75.071136825,4893.525956,0.736813,False,True,,,0.0,series BE; value < 50 L; listed < 1y
THANGAMAYL,2020-04-03,2026-07-27,64.8,EQ,309.51376991999996,20056.6569258,7692.164164,True,True,2020-08-25,39.58,0.882,
GOKULAGRO,2020-03-25,2026-08-25,64.8,EQ,115.08381923999998,7461.267614059999,701.8730425,True,True,2021-06-08,11.34,0.582,
ANANTRAJ,2020-05-18,2025-01-08,64.7,EQ,492.72798657,31901.15348343,6859.142833999999,True,True,2020-10-05,25.81,0.779,
BIGBLOC,2019-10-24,2024-10-15,63.7,EQ,31.783755875,2024.2500735,256.9420215,False,True,2022-01-07,3.96,0.331,
TREJHARA,2020-03-24,2024-09-23,63.2,BE,5.494578570000001,347.45824268999996,56.80930059999999,False,True,,,0.0,series BE; mcap < 500 cr
GLOBAL,2020-04-23,2026-09-24,62.7,EQ,11.4528375,717.71115,60.4961,True,True,2022-10-20,1.42,0.085,
GPTINFRA,2020-03-24,2024-07-12,61.6,BE,37.8118,2328.04344,205.8246985,True,True,2024-03-02,1.94,0.161,
IMPEXFERRO,2019-03-26,2022-06-09,61.2,EQ,2.1982901,134.53535412,0.2649105,False,True,,,0.0,mcap < 500 cr; value < 50 L
MACPOWER,2020-05-12,2026-09-18,61.0,EQ,34.514352,2105.375472,578.631401,True,True,2023-10-25,4.11,0.344,
JAYNECOIND,2020-03-26,2026-05-04,60.7,EQ,184.48966636,11189.783763856,3079.2248277,True,True,2021-05-20,6.64,0.461,
RAMKY,2020-03-24,2024-02-01,60.1,EQ,114.17635514999998,6865.112845109999,892.1515945,True,True,2021-05-03,12.91,0.624,
SARDAEN,2020-03-23,2025-09-15,60.1,EQ,367.18128334,22064.353221049998,2116.2690669999997,True,True,2020-04-16,42.99,0.918,
SPMLINFRA,2020-03-31,2025-07-31,59.8,EQ,25.22363189,1508.3731870220001,835.6937487,True,True,2024-04-01,2.41,0.215,
INOXWIND,2020-03-25,2024-09-20,59.7,EQ,555.74218568,33160.696189056,22512.9647975,True,True,2020-03-25,59.67,1.0,
JBMA,2020-03-25,2024-02-19,59.6,EQ,472.752037734,28163.510902275,1820.3211305000002,True,True,2020-03-26,54.35,0.978,
ANKITMETAL,2019-10-25,2022-01-11,59.3,BE,4.9388675,292.8042875,10.45035,False,True,,,0.0,series BE; mcap < 500 cr; value < 50 L
GRETEX,2019-07-25,2026-07-15,58.5,SM,2.190032,128.03264,15.74625,False,True,,,0.0,series SM; mcap < 500 cr; value < 50 L
KAUSHALYA,2019-07-30,2025-09-04,58.2,EQ,1.038918,60.430397,20.259565,False,True,,,0.0,mcap < 500 cr; value < 50 L
VISHNU,2020-03-30,2026-09-08,57.6,EQ,83.154010455,4793.641950224999,512.9913195,True,True,2021-05-21,9.42,0.553,
SERVOTECH,2020-01-03,2024-09-25,57.6,EQ,74.4290015,4286.685177820001,2796.793625,True,True,2022-05-17,5.2,0.407,
RVNL,2020-03-24,2024-07-11,57.3,EQ,2293.52211,131356.2663,74604.957821,True,True,2020-04-23,35.69,0.883,
S&SPOWER,2020-11-09,2024-12-23,57.3,BE,5.239,300.142,8.3180585,False,True,,,0.0,series BE; mcap < 500 cr; value < 50 L
BLUECOAST,2019-11-04,2025-08-19,57.1,BE,1.91226855,109.165037291,0.22252139999999998,False,True,,,0.0,series BE; mcap < 500 cr; value < 50 L
PGIL,2020-03-27,2026-09-23,56.3,EQ,201.10123994499997,11330.481555839999,1543.164144,True,True,2021-08-16,15.29,0.677,
OPTIEMUS,2020-04-07,2024-09-27,56.2,EQ,130.073644365,7308.164097920001,2716.5929145,True,True,2021-02-02,9.31,0.554,
SABEVENTS,2020-04-07,2024-12-10,56.0,BE,0.41934843999999993,23.473028928999998,0.33682029999999996,False,True,,,0.0,series BE; mcap < 500 cr; value < 50 L
JSLL,2022-06-28,2025-09-17,55.5,EQ,187.83221422222223,10415.77967035,795.94965,True,True,2025-08-11,1.56,0.111,
INDOTECH,2020-05-20,2026-08-21,55.4,EQ,74.7648,4144.455,705.5271690000001,True,True,2024-01-25,4.52,0.376,
FCSSOFT,2019-06-03,2022-01-18,55.3,BE,25.6432965,1418.929073,54.369524000000006,False,True,,,0.0,series BE
PIGL,2019-10-09,2025-01-10,54.1,BE,9.581803,518.8484105,35.4845325,False,True,,,0.0,series BE; value < 50 L
POWERINDIA,2020-03-30,2026-05-29,53.8,EQ,3026.051595,162936.3495375,37142.00575,True,True,2021-04-01,27.8,0.834,
ASHAPURMIN,2019-06-26,2026-01-07,53.7,EQ,153.69664464000002,8256.162914010001,4055.6433464999996,True,True,2020-10-01,11.77,0.619,
KPITTECH,2020-03-26,2024-07-16,53.6,EQ,955.3911708800001,51229.25340096,13947.7273745,True,True,2020-04-30,33.52,0.882,
GODHA,2019-11-26,2022-04-20,53.2,BE,36.47664,1942.0896,103.8202215,False,True,,,0.0,series BE
WINDMACHIN,2020-03-24,2024-12-12,53.0,EQ,52.27009900000001,2772.58786,626.8562832,True,True,2024-01-05,5.04,0.407,
SARVESHWAR,2020-04-09,2024-02-27,52.7,BE,27.569983999999994,1453.54176,710.181202,False,True,2024-01-18,2.17,0.195,
KRISHANA,2020-06-03,2026-08-26,52.6,EQ,118.07757000000002,6211.485708,1407.3696794999998,True,True,2022-04-28,6.38,0.467,
SALSTEEL,2020-04-03,2026-09-24,52.5,EQ,14.444339,758.4977309000001,189.2285488,True,True,2026-08-05,1.49,0.101,
CROWN,2019-08-06,2024-06-28,51.8,BE,6.225180000000001,322.77246,21.868866,False,True,,,0.0,series BE; mcap < 500 cr; value < 50 L
SABTNL,2024-04-02,2024-12-10,51.3,BE,0.139896,7.172335454965357,4.971846,False,True,,,0.0,series BE; mcap < 500 cr; value < 50 L; listed < 1y
TI,2019-07-05,2026-09-23,50.8,EQ,227.96923586999998,11571.602985299998,3163.2562064999997,True,True,2021-01-28,22.03,0.787,
ACE,2020-04-03,2024-04-01,50.8,EQ,376.30289935999997,19129.52460544,4183.577749,True,True,2020-04-16,36.1,0.913,
DIXON,2019-08-08,2024-12-17,50.6,EQ,2239.2863944100004,113287.088527925,68033.1704455,True,True,2019-08-08,50.59,1.0,
UEL,2024-04-16,2026-08-11,50.4,EQ,285.36644712,14379.941704319997,9.5322958,False,True,,,0.0,value < 50 L
WELCORP,2020-05-26,2026-09-23,50.4,EQ,1452.2512672500002,73182.99719360001,21872.121606999997,True,True,2020-05-26,50.39,1.0,
TEJASNET,2020-05-20,2024-07-03,49.6,EQ,498.04004927,24685.278551275,8446.8906815,True,True,2020-08-18,21.77,0.789,
HUBTOWN,2020-03-19,2025-08-25,49.5,EQ,56.10686518499999,2775.9539489149997,3270.627276,True,True,2022-04-22,5.53,0.438,
DPABHUSHAN,2019-12-06,2024-10-23,49.5,EQ,83.4556875,4128.0521265,940.0469575,True,True,2022-01-20,4.58,0.39,
OLECTRA,2020-03-26,2024-02-19,49.0,EQ,357.87201332,17525.05815687,15491.9371315,True,True,2020-04-09,34.08,0.907,
SPYL,2020-03-23,2024-08-08,48.9,BE,5.1705,253.0098,2.924544,False,True,,,0.0,series BE; mcap < 500 cr; value < 50 L
ADANIPOWER,2020-03-23,2026-05-27,48.5,EQ,9893.048383665,480015.33590215497,79169.2727258,True,True,2020-03-23,48.52,1.0,
SUZLON,2020-03-25,2024-09-16,48.4,EQ,2375.9213680999997,114994.59421603999,44791.0848479,True,True,2020-03-25,48.4,1.0,
JASH,2019-02-18,2025-04-21,47.9,EQ,85.77360054,4107.92990805,1210.307436,True,True,2021-05-21,7.88,0.534,
GALLANTT,2020-03-25,2026-04-16,47.8,EQ,468.0850333,22369.15641095,429.99677299999996,True,True,2021-06-29,11.93,0.641,
SALASAR,2020-03-30,2024-02-07,47.5,EQ,112.86463760000002,5359.097128,922.5436970000001,True,True,2021-02-01,10.53,0.61,
FACT,2020-03-25,2024-06-21,47.3,EQ,1552.9727376000003,73407.08009043001,2423.6964144999997,True,True,2020-03-25,47.27,1.0,
USHAMART,2020-03-24,2026-09-23,47.1,EQ,345.8819203,16305.2089389,2110.8459805,True,True,2020-08-12,23.83,0.823,
GENESYS,2020-03-30,2025-01-20,46.2,EQ,84.34199851999999,3894.4823262799996,2564.0796365,True,True,2021-10-18,3.69,0.34,
RELINFRA,2020-03-25,2025-06-26,46.1,BE,358.49873056999996,16534.51603756,11360.9229506,False,True,2020-04-09,32.36,0.907,
DEEPINDS,2021-04-27,2026-09-08,46.0,EQ,113.92,5239.68,1295.1486645,True,True,2022-04-29,6.24,0.478,
JAGSNPHARM,2020-03-30,2024-11-29,45.6,EQ,43.750659999999996,1994.1917599999997,383.703386,True,True,2021-08-02,3.91,0.357,
MAZDOCK,2020-11-04,2025-05-29,45.2,EQ,3344.0201999999995,151315.90559999997,118719.27471,True,True,2021-10-14,28.03,0.874,
MEGASOFT,2020-03-30,2025-11-03,44.8,EQ,36.516170295,1636.9572097900002,312.86060879999997,False,True,2024-02-19,2.66,0.257,
DSML,2020-07-06,2021-12-24,44.7,SM,,,69.288,False,False,,,0.0,series SM; mcap unknown
SUULD,2019-06-17,2021-07-05,44.6,EQ,49.42374412499999,2202.2592778999997,96.60410449999999,False,True,2021-06-04,1.6,0.123,
TIRUPATI,2020-03-24,2024-10-16,44.6,SM,22.6912896,1011.8896956,42.6505,False,True,,,0.0,series SM; value < 50 L
TERASOFT,2020-03-30,2025-11-14,44.2,BE,16.39055625,724.875478125,65.859591,False,True,,,0.0,series BE
GOKEX,2020-05-22,2024-12-18,44.0,EQ,172.25024295999998,7580.830235060001,948.1793640000001,True,True,2020-12-07,14.72,0.711,
SECL,2021-05-03,2022-12-01,43.7,SM,10.655154224999999,465.22359365,87.17875,False,True,,,0.0,series SM; mcap < 500 cr
PRECOT,2020-05-21,2026-07-21,43.4,EQ,23.64,1026.48,44.972006500000006,False,True,,,0.0,value < 50 L
MKPL,2019-05-03,2023-12-01,43.3,EQ,26.58885,1150.51518,968.044915,False,True,2023-08-22,1.19,0.046,
SEPOWER,2020-03-24,2022-01-11,43.2,BE,,,9.648258499999999,False,False,,,0.0,series BE; mcap unknown; value < 50 L
LUMAXTECH,2020-04-03,2026-09-22,43.2,EQ,333.63196597500007,14424.896686200003,2262.492464,True,True,2020-08-19,19.86,0.794,
GRSE,2019-02-20,2025-06-23,43.0,EQ,929.58948,40009.57704,76397.05553,True,True,2019-10-22,18.95,0.782,
FCL,2020-03-24,2026-09-10,42.9,EQ,151.7253354,6502.039738199999,5335.1315518,True,True,2020-12-09,12.83,0.679,
ABINFRA,2020-12-29,2025-09-05,42.2,BE,22.99307244,971.4573105899999,56.9227695,False,True,2025-05-21,1.65,0.133,
URJA,2020-03-24,2024-02-02,41.8,EQ,49.918070815,2086.04990669,2400.353798,False,True,2021-12-09,4.05,0.375,
PULZ,2020-05-13,2024-09-16,41.6,SM,5.28844,220.09724,21.493,False,True,,,0.0,series SM; mcap < 500 cr; value < 50 L
FORCEMOT,2020-03-24,2026-02-17,41.5,EQ,819.23408985,33963.13293120001,10660.29586,True,True,2020-08-24,23.64,0.849,
MCLEODRUSS,2020-03-24,2026-05-29,41.3,BE,19.84658965,819.0374181349999,220.3601227,False,True,2025-10-07,1.51,0.111,
NDRAUTO,2020-08-05,2025-07-18,41.0,EQ,68.02596944,2786.6862166399997,678.863419,True,True,2024-04-05,2.79,0.276,
TBZ,2020-03-25,2026-09-23,41.0,BE,112.77474779999997,4620.7617819,4765.052500899999,False,True,2021-01-06,7.91,0.557,
HINDCOPPER,2020-03-24,2026-01-29,40.8,EQ,1803.4997972999997,73498.66064009999,77144.02447399999,True,True,2020-03-24,40.75,1.0,
KDDL,2020-05-27,2026-09-23,40.7,EQ,130.82481589499997,5330.6567772299995,797.141758,True,True,2021-11-11,7.07,0.528,
FELIX,2020-06-05,2024-06-03,40.5,SM,13.500655,546.932065,25.84275,False,True,,,0.0,series SM; value < 50 L
ICEMAKE,2020-03-23,2025-04-24,40.2,EQ,41.027311,1650.481382325,265.493209,True,True,2023-04-19,2.87,0.285,
KAVVERITEL,2020-03-11,2025-01-01,40.0,BE,3.3205028999999993,132.69937044,5.4797174,False,True,,,0.0,series BE; mcap < 500 cr; value < 50 L
SURANI,2020-12-11,2024-03-04,38.8,SM,16.67459,646.61381,41.879,False,True,,,0.0,series SM; value < 50 L
GRPLTD,2020-03-24,2024-08-20,38.5,BE,65.59331693499999,2523.7327023999997,225.30967,False,True,2024-06-05,2.08,0.201,
NILASPACES,2020-03-25,2025-10-21,38.5,BE,19.69446,757.4489316,97.5074009,False,True,2025-07-23,1.32,0.077,
ASTRAMICRO,2020-03-24,2026-07-31,38.3,EQ,460.95801384000004,17674.96268928,8554.767268,True,True,2020-03-27,33.15,0.96,
PRECWIRE,2020-03-30,2026-08-28,38.2,EQ,237.079132825,9064.212361625,1440.8356684999999,True,True,2021-03-17,12.92,0.702,
RAJRATAN,2020-05-27,2022-09-12,38.1,EQ,176.581538,6721.06498,1365.482205,True,True,2021-05-25,6.57,0.517,
HBSL,2020-06-22,2024-08-01,38.0,BE,3.461767524999999,131.47578929999997,33.0376422,False,True,,,0.0,series BE; mcap < 500 cr; value < 50 L
GOLDIAM,2019-03-25,2025-02-04,37.9,EQ,152.930614704,5794.16934411,3487.76594,True,True,2020-12-28,11.22,0.665,
SKYGOLD,2023-01-06,2026-08-26,37.7,EQ,294.09453319999994,11090.332308,6196.928529,True,True,2025-01-27,2.65,0.269,
RKFORGE,2020-04-01,2024-10-15,37.7,EQ,502.196225262,18943.535797410004,5020.633738500001,True,True,2020-04-01,37.72,1.0,
DIGISPICE,2020-03-24,2021-03-02,37.7,BE,67.31918074,2536.07603305,13.981766,False,True,,,0.0,series BE; value < 50 L
JSL,2020-03-23,2026-01-05,37.5,EQ,1902.1338982799998,71280.61511022,3912.8972125,True,True,2020-03-23,37.47,1.0,
SIGMA,2021-01-06,2026-01-08,37.5,BE,17.266196640000004,647.6879239599999,32.3483825,False,True,2023-08-02,1.27,0.067,
PALREDTEC,2020-03-24,2022-01-31,37.0,BE,11.070472230000002,409.72979817,84.1512425,False,True,,,0.0,series BE; mcap < 500 cr
BHARATWIRE,2020-03-25,2024-01-15,36.7,EQ,73.44267084,2692.8979308000003,930.1680279999999,True,True,2022-09-16,3.43,0.342,
GABRIEL,2020-03-24,2026-08-05,36.6,EQ,623.4146996,22806.3483538,3865.627842,True,True,2020-03-24,36.58,1.0,
DATAMATICS,2020-03-23,2025-08-07,36.6,EQ,174.94694895000003,6394.856771400001,872.4336215000001,True,True,2020-12-08,12.23,0.696,
BALAXI,2019-01-07,2020-10-13,36.5,BE,29.15607,1064.094253,8.1117,False,True,,,0.0,series BE; value < 50 L
GENUSPOWER,2020-03-23,2024-08-29,36.5,EQ,328.48831485000005,12000.773102520001,4115.2739425,True,True,2020-08-05,20.21,0.835,
SKIPPER,2020-03-30,2024-12-11,36.4,EQ,179.672871,6548.819472419999,4195.9205015,True,True,2020-08-26,12.96,0.713,
NEWGEN,2020-03-23,2025-01-15,35.7,EQ,689.48290584,24606.97224318,3591.6415,True,True,2020-06-16,23.93,0.888,
HPL,2020-03-24,2024-08-22,35.7,EQ,121.20641610999999,4324.529185929999,2489.508315,True,True,2021-07-08,8.42,0.596,
AAKASH,2019-10-24,2022-02-04,35.7,EQ,9.5175,340.2,225.959155,False,True,,,0.0,mcap < 500 cr
ADANIENT,2019-02-12,2022-12-20,35.6,EQ,13332.313110095,474844.66693013,72760.6017875,True,True,2019-02-12,35.62,1.0,
SAREGAMA,2020-03-30,2024-10-01,35.5,EQ,366.338031,13005.96414795,1380.865688,True,True,2020-07-20,14.22,0.744,
KOTYARK,2021-11-04,2024-05-16,35.3,SM,38.2125625,1347.615147,216.783,False,True,,,0.0,series SM
HINDCON,2020-03-20,2023-12-22,35.3,EQ,9.265503125000002,327.364046875,30.484225,False,True,,,0.0,mcap < 500 cr; value < 50 L
SINTEX,2020-03-25,2022-01-03,35.3,BE,,,200.5530025,False,False,,,0.0,series BE; mcap unknown
KECL,2020-03-26,2024-07-18,35.2,EQ,46.489849699999986,1635.977810943,1793.7453425,True,True,2022-12-01,3.13,0.32,
RSSOFTWARE,2020-03-25,2024-08-20,35.1,BE,25.57977641,899.0198804599999,259.4393598,False,True,,,0.0,series BE
MINDTECK,2020-03-13,2024-07-31,35.0,EQ,32.274618149999995,1130.1179037699999,585.28659,False,True,2021-12-30,2.2,0.221,
TALBROAUTO,2020-03-25,2026-09-18,34.9,EQ,84.1971966,2942.5809105,686.554202,True,True,2021-12-07,5.83,0.496,
EXCEL,2020-05-26,2024-11-27,34.7,BE,7.523706986666667,260.9785861,75.2873906,False,True,,,0.0,series BE; mcap < 500 cr
SAKSOFT,2020-03-23,2023-10-19,34.6,EQ,120.1974735,4156.276995,578.3070865,True,True,2021-04-13,7.57,0.571,
ITDCEM,2020-03-24,2025-06-30,34.5,EQ,464.68541472,16053.5497248,2984.108569,True,True,2020-03-26,31.15,0.971,
PRICOLLTD,2019-08-01,2026-08-17,34.4,EQ,285.8121128099999,9830.35222119,2964.95111,True,True,2019-12-20,17.4,0.807,
KANANIIND,2020-03-24,2022-05-20,34.4,BE,11.87208,408.10275,50.776074,False,True,,,0.0,series BE; mcap < 500 cr
BLKASHYAP,2020-03-19,2024-08-28,34.4,EQ,76.6496,2635.16816,2119.0716132,True,True,2021-06-30,4.67,0.435,
ARROWGREEN,2020-03-18,2024-11-07,34.1,EQ,48.05508253,1638.32374773,522.9816065,True,True,2023-05-29,3.23,0.332,
INTEGRA,2019-08-26,2022-01-17,34.0,BE,,,0.45582,False,False,,,0.0,series BE; mcap unknown; value < 50 L
DNAMEDIA,2020-03-17,2024-08-13,33.9,BE,2.94270045,99.81639926400001,12.0688635,False,True,,,0.0,series BE; mcap < 500 cr; value < 50 L
CHENNPETRO,2020-05-27,2026-09-10,33.9,EQ,714.030163,24218.950096,17571.769042,True,True,2020-05-27,33.92,1.0,
MARKSANS,2020-03-23,2024-12-02,33.8,EQ,473.68641771000006,16019.213398920001,7415.9126445,True,True,2020-03-25,31.84,0.983,
NORBTEAEXP,2020-07-08,2026-01-02,33.7,BE,3.46625,116.73625,1.4600208,False,True,,,0.0,series BE; mcap < 500 cr; value < 50 L
BHAGYANGR,2020-03-19,2026-09-18,33.7,EQ,42.393375,1429.21665,375.724479,True,True,2026-03-02,2.71,0.283,
TIRUPATIFL,2021-01-29,2026-07-22,33.6,EQ,23.8,799.19,151.58424630000002,False,True,2026-06-29,1.41,0.097,
KIRLOSBROS,2020-03-23,2024-07-05,33.3,EQ,620.97780132,20671.334571690004,2381.816837,True,True,2020-07-15,23.81,0.904,
LOKESHMACH,2020-03-23,2024-04-16,33.2,EQ,25.4134134,843.6537378,293.122574,True,True,2023-11-20,1.68,0.148,
OILCOUNTUB,2020-03-18,2025-06-26,33.1,EQ,13.06541135,432.57583951000004,22.529806,False,True,,,0.0,mcap < 500 cr; value < 50 L
ARIHANTSUP,2020-05-19,2025-01-08,33.1,EQ,67.50238523999998,2234.57591139,245.37839100000002,False,True,2021-09-07,4.36,0.421,
GET&D,2020-05-22,2024-10-16,32.9,BE,1508.11409115,49676.868488025,3397.080637,False,True,2020-06-24,23.07,0.898,
LAURUSLABS,2019-10-17,2026-09-23,32.8,EQ,3342.328989625,109561.598145,30456.522625,True,True,2019-10-17,32.78,1.0,
TCPLPACK,2020-03-23,2025-03-07,32.7,EQ,129.948,4248.335,110.315766,True,True,2021-08-05,8.46,0.612,
IMFA,2020-03-24,2026-04-29,32.5,EQ,274.76128480499995,8923.469591340001,1728.5861909999999,True,True,2020-09-18,13.52,0.748,
PENINLAND,2020-03-27,2024-06-24,32.3,EQ,69.0197867,2227.1363512599996,638.518741,False,True,2023-06-27,3.19,0.334,
SANGHVIMOV,2020-04-03,2024-05-15,32.0,EQ,195.22888,6239.31588,2465.4326634999998,True,True,2021-05-07,10.63,0.682,
MBLINFRA,2020-03-26,2024-07-08,32.0,EQ,26.188656,836.779936512,69.2157475,False,True,2024-06-21,1.48,0.113,
KIRLOSENG,2020-03-24,2026-06-24,31.9,EQ,1164.9012405600001,37143.54254103999,5799.91861,True,True,2020-08-21,23.29,0.909,
RAJMET,2019-01-04,2022-08-19,31.7,EQ,42.135552,1334.84544,93.8037925,False,True,2022-04-18,1.34,0.085,
GTL,2020-03-25,2021-07-05,31.7,EQ,14.943194194999998,474.24979471499995,11.4349165,False,True,,,0.0,mcap < 500 cr; value < 50 L
WEALTH,2020-08-25,2024-12-12,31.6,BE,57.537,1819.714175,76.142295,False,True,2024-05-31,2.08,0.211,
IMAGICAA,2020-05-20,2024-08-19,31.2,EQ,156.61751397499998,4882.129335633,1016.2947525,True,True,2022-04-29,6.85,0.559,
MANINDS,2020-03-23,2026-09-23,31.2,EQ,189.92565380000002,5930.368436850001,2112.5800955,True,True,2020-12-07,11.37,0.706,
VIMTALABS,2020-03-23,2025-09-05,31.2,EQ,124.680178125,3888.6916356,2699.554098,True,True,2021-04-26,7.23,0.575,
TECHIN,2020-05-18,2024-09-27,31.2,BE,2.43542,75.913474,2.6982771999999997,False,True,,,0.0,series BE; mcap < 500 cr; value < 50 L
SKMEGGPROD,2020-03-09,2026-07-13,31.0,EQ,61.21725,1900.4994,918.6727845999999,True,True,2023-02-09,3.74,0.384,
GOLDTECH,2020-03-16,2024-01-12,31.0,BE,19.0201363,588.93258398,32.469181,False,True,,,0.0,series BE; value < 50 L
ANUP,2020-03-24,2024-12-12,31.0,EQ,239.50293975,7417.0091025,2412.696912,True,True,2020-08-20,13.93,0.767,
WANBURY,2019-10-18,2026-07-15,30.9,EQ,36.51123027,1128.90104355,225.803771,True,True,2024-04-08,2.1,0.217,
PREMIERPOL,2019-12-12,2026-09-24,30.7,EQ,34.250789325,1052.7666162249998,208.0315687,True,True,2024-09-12,1.89,0.186,
AGARIND,2020-03-31,2024-12-18,30.6,EQ,66.48737210499999,2036.80212813,296.087695,True,True,2021-06-30,4.04,0.408,
HITECH,2020-03-26,2024-10-10,30.6,EQ,92.15671000000002,2817.597196,2771.3028817,True,True,2021-03-16,5.54,0.5,
MAGNUM,2020-05-20,2024-01-20,30.5,EQ,14.413283654999999,439.463844775,42.788821500000005,False,True,,,0.0,mcap < 500 cr; value < 50 L
ADSL,2019-02-15,2024-09-09,30.5,EQ,56.05553492000001,1708.45120468,1807.2041632,True,True,2021-10-13,3.36,0.355,
DYNAMIC,2022-06-21,2024-12-09,30.3,ST,17.70883152,535.92872184,83.91,False,True,,,0.0,series ST
TVVISION,2019-12-18,2024-12-10,30.3,BE,3.87445,117.2796015,2.511669,False,True,,,0.0,series BE; mcap < 500 cr; value < 50 L
THEJO,2020-05-08,2024-07-04,30.3,EQ,126.97412266999999,3848.153580975,528.0076435,True,True,2023-10-31,1.97,0.199,
WABAG,2020-04-03,2026-09-11,30.2,EQ,468.91582711999996,14166.357594120002,13443.764975,True,True,2020-04-08,27.88,0.976,
CADSYS,2020-03-25,2024-05-18,30.2,ST,12.116537499999998,365.37175,36.21675,False,True,,,0.0,series ST; mcap < 500 cr; value < 50 L
DCMFINSERV,2020-03-30,2024-08-30,30.1,BE,0.7512794799999999,22.613512347999997,2.3974421,False,True,,,0.0,series BE; mcap < 500 cr; value < 50 L
BANCOINDIA,2020-03-24,2025-10-06,30.0,EQ,417.31132275,12516.4789365,1643.5943819999998,True,True,2020-06-08,24.36,0.939,
ARVIND,2020-03-31,2026-06-30,29.9,EQ,514.05475641,15358.857378539999,2411.418792,True,True,2020-03-31,29.88,1.0,
BEDMUTHA,2019-10-11,2024-02-01,29.9,BE,32.747842260000006,979.2088794,32.1780305,False,True,,,0.0,series BE; value < 50 L
POKARNA,2020-03-25,2025-02-05,29.7,EQ,149.12924,4433.72702,918.1414725,True,True,2020-12-07,8.48,0.63,
IFCI,2020-03-19,2026-09-07,29.7,EQ,858.916782735,25521.031709613,25221.4900718,True,True,2020-03-19,29.71,1.0,
PPL,2020-03-25,2024-09-05,29.7,EQ,52.26160349000001,1551.2248486699998,755.914853,False,True,2023-08-03,2.84,0.308,
HFCL,2020-03-23,2026-08-28,29.4,EQ,1221.6007542599998,35929.349903364,50269.102931400004,False,True,2020-03-23,29.41,1.0,
GLFL,2020-02-13,2024-03-06,29.2,BE,1.08503068,31.737147389999997,0.8415260000000001,False,True,,,0.0,series BE; mcap < 500 cr; value < 50 L
HIRECT,2020-03-24,2026-08-03,29.1,EQ,157.36935782,4587.17122664,1234.242767,True,True,2023-12-07,4.38,0.438,
PERSISTENT,2020-05-04,2024-12-19,28.8,EQ,3567.396875,102682.567,20769.4318615,True,True,2020-05-04,28.78,1.0,
FLEXITUFF,2019-11-19,2024-09-25,28.5,BE,8.602497920000001,244.95612827200003,13.3011104,False,True,,,0.0,series BE; mcap < 500 cr; value < 50 L
HSCL,2020-03-24,2026-07-21,28.4,EQ,1244.9621687249999,35295.22835157,81840.14140899999,True,True,2020-03-24,28.35,1.0,
ARTEMISMED,2020-03-30,2026-09-09,28.4,EQ,169.21425275,4813.537515,545.78918,True,True,2022-08-29,5.58,0.514,
SALZERELEC,2020-03-23,2024-12-20,28.2,EQ,94.34087773499999,2662.815066255,971.5018625,True,True,2023-01-09,5.18,0.493,
VASWANI,2020-03-31,2024-10-03,28.1,EQ,7.35,206.85,101.8661718,False,True,,,0.0,mcap < 500 cr
OMFURN,2020-04-22,2025-09-02,28.0,SM,3.88284,108.596904,20.9454,False,True,,,0.0,series SM; mcap < 500 cr; value < 50 L
SILVERTUC,2021-05-03,2026-07-29,28.0,EQ,95.10750000000002,2662.8831900000005,757.1100382999999,True,True,2023-07-25,5.33,0.502,
GICL,2020-03-03,2026-02-20,27.9,BE,18.0666375,503.87229,97.902454,False,True,,,0.0,series BE
EKC,2020-03-27,2022-01-10,27.9,EQ,111.64664359000001,3118.81252119,607.8281039999999,True,True,2021-01-07,4.79,0.471,
DYNAMATECH,2020-04-01,2026-09-23,27.9,EQ,305.648892215,8530.7315523,1502.01619,True,True,2020-09-15,16.65,0.845,
DEEPAKFERT,2020-03-18,2025-07-01,27.9,EQ,788.98640625,22009.56478875,5491.084723,True,True,2020-03-18,27.9,1.0,
BORORENEW,2020-03-25,2022-04-22,27.9,EQ,366.1444899750001,10212.233216825001,2319.548304,True,True,2021-02-23,2.82,0.312,
OSWALAGRO,2020-03-24,2025-06-13,27.7,EQ,50.338041,1394.5650878640001,156.0323249,False,True,2022-01-04,2.63,0.292,
MARINE,2019-01-08,2026-09-01,27.7,EQ,202.12179000000006,5604.992715,1963.510501,True,True,2020-12-17,10.0,0.693,
NAHARSPING,2020-03-24,2022-02-07,27.6,BE,88.35999235000001,2440.89970704,175.848563,True,True,2021-05-19,4.87,0.477,
STEELXIND,2019-10-15,2022-01-14,27.5,BE,87.77449461000002,2410.023354695,1071.650482,True,True,2021-02-16,4.8,0.474,
AVG,2020-04-08,2024-02-29,27.5,EQ,27.20087601,746.846563175,408.49762350000003,False,True,2024-01-09,1.42,0.106,
COOLCAPS,2022-03-24,2025-09-19,27.4,SM,43.5234,1192.992,87.64875,False,True,,,0.0,series SM
MAHASTEEL,2023-03-31,2026-09-01,27.4,BE,83.568924,2291.119704,63.187576500000006,False,True,2026-03-09,1.6,0.142,
SHAHALLOYS,2020-05-29,2022-03-24,27.4,EQ,9.3048438,254.99231520000004,30.152202000000003,False,True,,,0.0,mcap < 500 cr; value < 50 L
ELECTHERM,2023-03-28,2024-12-11,27.4,BE,66.83605943,1828.02038237,98.53467199999999,True,True,2024-11-11,1.3,0.08,
INTELLECT,2020-03-25,2025-06-17,27.4,EQ,612.72546894,16775.15280516,5999.891014,True,True,2020-03-25,27.38,1.0,
SHARDAMOTR,2020-03-24,2024-07-09,27.3,EQ,318.48522056,8697.839698349999,1128.7237895,True,True,2021-01-01,7.19,0.596,
CCCL,2020-03-13,2024-09-26,27.3,BE,41.843674739816436,1142.930087178986,2.4840845000000003,False,True,,,0.0,series BE; value < 50 L
TNTELE,2019-12-20,2025-07-11,27.0,BE,4.338783,117.1928124,3.7095226,False,True,,,0.0,series BE; mcap < 500 cr; value < 50 L
ELECTCAST,2020-03-23,2024-09-13,27.0,EQ,508.38748618500006,13730.029758477,5303.2202314,True,True,2020-07-23,15.14,0.824,
TATAMTRDVR,2020-04-03,2024-07-31,26.8,EQ,1502.62605768,40324.2796528,11182.1775015,True,True,2020-04-03,26.84,1.0,
GLOBUSSPR,2020-03-24,2022-01-14,26.7,EQ,185.20167607,4952.632690549999,1999.2871469999998,True,True,2020-08-26,9.66,0.69,
KEI,2020-03-24,2026-08-17,26.6,EQ,1989.8237079,52998.7965374,15089.266635,True,True,2020-03-24,26.63,1.0,
KELLTONTEC,2020-03-25,2024-07-15,26.6,EQ,66.17383042,1759.257847852,734.119916,True,True,2020-11-23,3.46,0.379,
SURYAROSNI,2020-03-30,2024-01-10,26.6,EQ,340.0560875,9034.066042960001,2180.7448355,True,True,2020-04-21,17.45,0.872,
COCHINSHIP,2020-03-24,2024-07-11,26.5,EQ,2841.272424,75335.8121608,86348.252976,True,True,2020-03-24,26.51,1.0,
MANAKALUCO,2020-03-23,2026-01-19,26.5,EQ,16.05584225,425.18491639999996,5.0367281,False,True,,,0.0,mcap < 500 cr; value < 50 L
SPTL,2020-03-13,2021-11-26,26.5,EQ,34.98794453000001,928.77089116,50.054990999999994,False,True,2021-11-08,1.84,0.185,
SOLARINDS,2020-04-24,2026-09-08,26.4,EQ,7698.8938794,203195.41850250002,18890.37065,True,True,2020-04-24,26.39,1.0,
CENTUM,2020-03-23,2026-09-22,26.4,EQ,237.1471856,6262.10342758,1353.59281,True,True,2021-02-02,10.3,0.712,
GREENPOWER,2020-03-23,2024-02-07,26.3,EQ,122.590497125,3221.678264445,2517.508497,True,True,2022-03-29,2.49,0.279,
MCX,2019-02-18,2026-05-20,26.3,EQ,3330.9584712349997,87760.54329364997,86817.491372,True,True,2019-02-18,26.35,1.0,
NDTV,2020-03-19,2022-09-05,26.1,EQ,135.067304365,3518.519396525,1700.1224665,False,True,2021-08-06,6.73,0.585,
VISASTEEL,2020-03-30,2025-10-16,26.0,BE,31.263165,812.610711,2.5515429000000003,False,True,,,0.0,series BE; value < 50 L
JISLJALEQS,2020-03-26,2024-06-20,26.0,EQ,210.25228171499998,5462.554519224,3698.0374589999997,True,True,2020-08-18,7.02,0.598,
VIVIANA,2023-03-28,2025-10-07,25.9,SM,40.5363,1050.69015,97.4853125,True,True,,,0.0,series SM
NITINSPIN,2020-03-25,2026-09-08,25.9,EQ,142.2366,3682.9722,500.4616525,True,True,2021-05-04,7.13,0.604,
SAKAR,2019-06-11,2026-09-22,25.9,EQ,98.10283645000001,2537.2233044000004,1020.547211,True,True,2022-10-11,4.22,0.443,
63MOONS,2020-03-25,2025-07-10,25.9,EQ,196.06417493499998,5070.94299685,1832.863429,True,True,2021-11-16,9.36,0.687,
HILTON,2020-03-25,2023-06-21,25.9,BE,13.965,362.04,96.8725615,False,True,,,0.0,series BE; mcap < 500 cr
INDSWFTLAB,2020-03-05,2026-09-22,25.8,EQ,92.7663702,2396.2676073,1910.6114977000002,True,True,2021-03-15,4.69,0.475,
GFSTEELS,2020-04-09,2026-09-24,25.8,BE,3.6516,94.05913,0.5015687999999999,False,True,,,0.0,series BE; mcap < 500 cr; value < 50 L
ALMONDZ,2019-10-16,2024-08-01,25.7,EQ,23.324671289999994,599.5244820540001,133.848176,False,True,2024-07-29,1.16,0.045,
TRENT,2019-02-18,2024-10-11,25.6,EQ,11453.80599342,292742.146696195,44847.009721999995,True,True,2019-02-18,25.56,1.0,
KRISHNADEF,2022-07-26,2026-06-22,25.5,EQ,65.95731,1684.5238800000002,1298.9714585,True,True,2025-12-30,1.68,0.161,
AARVEEDEN,2020-03-23,2025-08-20,25.5,BE,17.59485,448.316778,30.869647999999998,False,True,,,0.0,series BE; mcap < 500 cr; value < 50 L
BDL,2020-03-24,2025-05-30,25.5,EQ,2897.6765625,73880.671875,28868.526344,True,True,2020-03-24,25.5,1.0,
TFCILTD,2020-05-20,2026-09-03,25.3,EQ,261.62823696,6629.2709230400005,9991.1126925,True,True,2021-01-07,12.81,0.789,
PAR,2020-04-01,2024-12-02,25.3,EQ,16.9188745,428.75504142,159.23389550000002,False,True,,,0.0,mcap < 500 cr
MVKAGRO,2025-02-18,2025-12-05,25.3,ST,50.11015,1268.631,299.92005,False,True,,,0.0,series ST
JPASSOCIAT,2020-03-31,2024-02-09,25.2,EQ,257.7325422,6492.405467799999,5802.0713355,False,True,2020-07-29,8.82,0.675,
ADANITRANS,2020-03-12,2022-09-15,25.1,EQ,,,13727.636359,False,False,,,0.0,mcap unknown
ASLIND,2020-08-04,2025-12-24,25.0,ST,4.94811775,123.5466874,2.028,False,True,,,0.0,series ST; mcap < 500 cr; value < 50 L
GMDCLTD,2020-03-27,2026-04-16,25.0,EQ,949.23,23746.65,15689.7909615,True,True,2020-03-27,25.02,1.0,
GREENPANEL,2020-05-12,2022-05-05,25.0,EQ,297.371432875,7429.99386305,1499.7176165,True,True,2020-11-20,7.38,0.621,
KOTHARIPET,2020-03-24,2024-09-05,24.8,EQ,61.200256,1518.0605808000003,499.5958777,True,True,2022-01-14,2.79,0.32,
TIIL,2020-03-24,2024-08-26,24.8,EQ,360.7281027699999,8935.655304485,1031.317566,True,True,2021-01-12,11.11,0.75,
PASHUPATI,2020-03-23,2026-03-05,24.7,EQ,62.6644,1550.5617999999997,11.282600500000001,False,True,,,0.0,value < 50 L
SCHNEIDER,2020-03-23,2026-07-06,24.7,EQ,1450.165972275,35889.5156535,3081.921805,True,True,2020-03-23,24.75,1.0,
LAGNAM,2020-10-27,2024-08-01,24.7,EQ,12.19161,300.885401,20.386183600000003,False,True,,,0.0,mcap < 500 cr; value < 50 L
SUVEN,2020-01-21,2026-08-31,24.6,EQ,347.827578615,8549.580074985,2941.5174705,True,True,2020-02-03,14.55,0.836,
BBL,2020-03-23,2024-07-11,24.5,EQ,253.472466,6219.428748799999,2103.4306644999997,True,True,2020-12-09,11.85,0.773,
SECURCRED,2021-04-08,2023-01-04,24.4,EQ,5.866108571428571,143.1037186,126.96369349999999,False,True,,,0.0,mcap < 500 cr
REMSONSIND,2020-03-23,2024-09-27,24.4,EQ,26.395709339999996,644.0667346099999,51.586389000000004,False,True,2024-04-30,1.15,0.044,
SOUTHWEST,2020-03-24,2026-05-27,24.4,EQ,30.832152,750.9372912,559.4494792,True,True,2022-02-22,1.36,0.096,
JUBLINDS,2019-07-25,2024-09-09,24.4,EQ,117.44805229500001,2861.167144395,216.3209995,True,True,2021-04-28,5.67,0.543,
ANIKINDS,2019-10-17,2025-04-03,24.4,EQ,14.848115009999999,362.7935689920001,10.6049153,False,True,,,0.0,mcap < 500 cr; value < 50 L
SHREERAMA,2019-10-22,2026-01-01,24.3,EQ,38.038381425,923.998998615,48.0926127,False,True,2025-07-31,1.69,0.164,
LYKALABS,2020-03-23,2021-12-23,24.3,EQ,34.57905,841.4787,399.7139475,False,True,2021-11-29,1.63,0.153,
SOMICONVEY,2020-03-31,2024-06-26,24.0,EQ,11.544062880000002,277.505136048,16.789275500000002,False,True,,,0.0,mcap < 500 cr; value < 50 L
BEL,2020-03-24,2026-03-06,24.0,EQ,14241.885751835001,342426.58924450504,56738.097831499996,True,True,2020-03-24,24.04,1.0,
BHANDARI,2020-03-24,2022-01-12,24.0,BE,9.80628366,235.35080784000002,15.908586000000001,False,True,,,0.0,series BE; mcap < 500 cr; value < 50 L
POLYSIL,2025-03-04,2025-12-03,23.9,ST,16.6714023,399.206368,225.89275,False,True,,,0.0,series ST; mcap < 500 cr
PCJEWELLER,2020-03-25,2024-12-17,23.8,BE,374.6501362800001,8931.100764240002,3471.7602079000003,True,True,2020-03-31,16.76,0.889,
EMKAYTOOLS,2020-08-04,2024-11-07,23.8,SM,62.5871745,1492.594731,16.314,False,True,,,0.0,series SM; value < 50 L
UNIVCABLES,2020-03-24,2026-08-18,23.8,EQ,234.64538837999996,5582.224986,2207.932538,True,True,2021-03-08,10.93,0.755,
SWELECTES,2020-03-27,2024-04-26,23.8,EQ,92.9231988,2215.831743,1053.29627,True,True,2022-05-04,3.6,0.404,
BGRENERGY,2020-03-25,2025-10-23,23.8,BE,141.79746539999996,3373.0477990799995,705.7514098,False,True,2021-06-10,6.39,0.585,
SHRIPISTON,2020-03-31,2026-08-24,23.8,EQ,878.6838642399999,20909.57045632,2173.416592,True,True,2023-07-12,4.17,0.45,
WELENT,2020-03-24,2026-09-18,23.6,EQ,482.3721278500001,11396.30104635,2220.835508,True,True,2020-03-26,22.19,0.98,
ANDHRACEMT,2020-03-23,2021-08-04,23.6,BE,,,63.2525455,False,False,,,0.0,series BE; mcap unknown
HAL,2020-03-24,2024-07-08,23.5,EQ,16025.5209375,375981.961125,138018.090294,True,True,2020-03-24,23.46,1.0,
LINDEINDIA,2020-03-23,2024-05-21,23.4,EQ,3526.502621049999,82651.07261487498,5947.914055499999,True,True,2020-03-23,23.44,1.0,
DCI,2020-03-27,2024-08-13,23.4,BE,23.4,548.28,68.1176126,False,True,,,0.0,series BE
INDOWIND,2020-03-31,2022-01-03,23.4,BE,19.3202604,452.4160977000001,44.809043499999994,False,True,,,0.0,series BE; mcap < 500 cr; value < 50 L
AARON,2019-05-22,2025-08-25,23.4,EQ,21.3953311,500.3066270299999,54.59863,False,True,2025-08-25,1.0,0.0,
NAHARPOLY,2019-07-30,2022-03-22,23.3,EQ,62.33055718500002,1451.6749886400003,458.613385,False,True,2021-07-16,2.87,0.335,
AGCNET,2019-01-01,2021-04-26,23.3,EQ,,,86.1512505,False,False,,,0.0,mcap unknown
INDIANB,2020-03-30,2026-02-26,23.3,EQ,5731.331739154999,133558.21353605497,15432.5528925,True,True,2020-03-30,23.3,1.0,
CYBERMEDIA,2020-01-28,2022-03-14,23.2,BE,3.1334484000000002,72.69600288000001,4.5562525,False,True,,,0.0,series BE; mcap < 500 cr; value < 50 L
VINYLINDIA,2020-03-26,2022-09-16,23.1,EQ,72.79833067000001,1678.6708264950003,462.3912775,False,True,2021-10-04,3.06,0.356,
IIFLSEC,2019-10-15,2024-10-18,23.1,EQ,589.01917305,13602.51809763,3162.2553506,True,True,2020-09-23,11.11,0.767,
BALAMINES,2020-03-23,2021-09-14,23.1,EQ,699.051575,16118.84948,2899.9920235000004,True,True,2020-03-23,23.06,1.0,
DHUNINV,2020-03-19,2024-09-11,23.0,EQ,68.62373839,1578.19355352,69.8765415,False,True,2024-08-29,1.68,0.165,
3PLAND,2020-04-01,2024-12-17,23.0,EQ,6.120000000000001,140.688,5.3653431000000005,False,True,,,0.0,mcap < 500 cr; value < 50 L
KAMATHOTEL,2020-03-24,2024-01-20,23.0,EQ,38.335201965,880.6002663600001,106.86877650000001,True,True,2023-09-11,1.68,0.166,
KODYTECH,2023-09-27,2024-07-08,22.9,SM,113.771973,2601.0121424,210.29515,False,True,,,0.0,series SM; listed < 1y
JINDRILL,2020-03-24,2025-02-05,22.9,EQ,122.73497543999999,2814.0651984,753.134932,True,True,2022-02-02,5.41,0.539,
KCK,2022-12-23,2024-12-09,22.9,ST,8.47,194.0125,11.462,False,True,,,0.0,series ST; mcap < 500 cr; value < 50 L
GAYAHWS,2019-10-04,2025-10-06,22.7,BE,4.793038,108.8019626,4.0577718,False,True,,,0.0,series BE; mcap < 500 cr; value < 50 L
MASKINVEST,2020-05-27,2024-12-10,22.7,BE,3.936435,89.244169,0.984792,False,True,,,0.0,series BE; mcap < 500 cr; value < 50 L
ZENITHSTL,2021-03-25,2024-07-04,22.6,BE,9.24822912,209.43681945600002,28.267855,False,True,,,0.0,series BE; mcap < 500 cr; value < 50 L
ORCHPHARMA,2020-12-29,2021-04-01,22.6,BE,567.293189425,12821.282552950002,0.37340550000000006,True,True,,,0.0,series BE; value < 50 L; listed < 1y
GANGAFORGE,2020-07-07,2022-02-08,22.5,EQ,11.207405410000002,251.8892107,202.24844149999998,False,True,,,0.0,mcap < 500 cr
POWERMECH,2020-05-29,2024-08-26,22.5,EQ,493.29319593,11085.77854542,2306.4611145,True,True,2020-06-01,22.0,0.993,
BURNPUR,2020-03-23,2024-07-08,22.5,BE,4.736839965,106.44971266799999,19.3971,False,True,,,0.0,series BE; mcap < 500 cr; value < 50 L
ACCURACY,2020-04-03,2022-05-30,22.4,EQ,19.5728,439.18352,72.467091,False,True,,,0.0,mcap < 500 cr
AYMSYNTEX,2020-03-26,2026-09-08,22.4,EQ,72.35694752000002,1619.6824406400003,79.1373729,True,True,2021-09-08,3.14,0.368,
FIEMIND,2020-03-23,2026-08-12,22.4,EQ,311.29577865,6963.9188394,980.5466040000001,True,True,2020-07-06,12.29,0.807,
BHEL,2020-03-25,2026-08-31,22.3,EQ,6911.8957596750015,154133.534409075,39964.5717325,True,True,2020-03-25,22.3,1.0,
PENIND,2020-03-26,2025-11-07,22.3,EQ,166.658595285,3723.8412444449996,1096.8193802,True,True,2021-07-22,7.37,0.643,
GEEKAYWIRE,2019-07-11,2024-09-03,22.2,EQ,32.4012,719.6202,148.1197877,False,True,2024-02-16,1.22,0.065,
PDMJEPAPER,2020-03-24,2024-12-16,22.2,EQ,97.32374999999999,2164.19535,515.717898,True,True,2022-11-07,4.3,0.47,
KABRAEXTRU,2020-03-23,2026-09-24,22.1,EQ,127.30112303999998,2819.1603099599997,1222.162106,True,True,2021-03-01,5.37,0.543,
RBMINFRA,2023-01-12,2024-10-04,22.1,SM,39.292854999999996,869.25418,234.4349,False,True,,,0.0,series SM
UNIVPHOTO,2020-03-16,2022-02-11,22.0,EQ,47.50826136,1044.0870895199998,87.21697400000001,False,True,2022-01-17,1.34,0.096,
NCC,2020-03-30,2024-07-31,22.0,EQ,1023.3899384400002,22473.768617460002,17650.9910905,True,True,2020-03-30,21.96,1.0,
CENTEXT,2020-03-30,2025-10-10,21.9,EQ,12.4,271.6,39.0577736,False,True,,,0.0,mcap < 500 cr; value < 50 L
NSIL,2020-03-23,2024-11-19,21.8,EQ,222.47290034499997,4839.54958675,773.1157945,True,True,2022-12-22,4.38,0.479,
VSSL,2020-03-30,2026-09-23,21.8,EQ,154.4862982,3362.92278608,381.34470899999997,True,True,2021-03-17,5.54,0.556,
INDRAMEDCO,2020-03-24,2025-11-06,21.7,EQ,262.643145,5709.39444,937.4591875,True,True,2020-07-29,11.2,0.785,
VIKASMCORP,2020-04-09,2020-08-31,21.7,EQ,,,222.014757,False,False,,,0.0,mcap unknown
INNOVANA,2020-10-13,2023-08-25,21.7,SM,72.00625,1565.6875000000002,19.3528,False,True,,,0.0,series SM; value < 50 L
BMETRICS,2021-10-12,2022-11-18,21.7,SM,15.884956800000003,345.405456,14.864,False,True,,,0.0,series SM; mcap < 500 cr; value < 50 L; listed < 1y
TIMESGTY,2020-03-31,2025-08-07,21.6,BE,12.5904086,271.32330533,15.6916249,False,True,,,0.0,series BE; mcap < 500 cr; value < 50 L
TARACHAND,2020-03-19,2024-07-05,21.5,BE,32.533454000000006,698.5498373000001,139.374047,False,True,,,0.0,series BE
MANGCHEFER,2020-03-23,2025-08-06,21.5,EQ,200.88317925,4316.321763,1181.585737,True,True,2020-07-07,8.5,0.698,
KOPRAN,2020-03-24,2021-12-28,21.4,EQ,79.55079165,1701.1816262850002,671.2453495,True,True,2020-10-16,3.27,0.387,
DESTINY,2021-12-28,2024-12-03,21.4,ST,12.92592,276.83012,28.065,False,True,,,0.0,series ST; mcap < 500 cr; value < 50 L
APLAPOLLO,2019-02-14,2026-02-11,21.4,EQ,2961.8862590720005,63294.95155712001,9748.141399,True,True,2019-02-14,21.37,1.0,
AJMERA,2020-03-24,2024-12-10,21.4,EQ,194.10226625,4154.746589375,875.450425,True,True,2020-12-16,8.06,0.681,
PARSVNATH,2020-03-26,2025-07-10,21.3,EQ,54.39764625,1157.5819122,233.8433897,False,True,2021-07-16,1.73,0.179,
ROML,2020-11-03,2021-02-05,21.3,BE,11.39139984,243.19139790000006,0.284325,False,True,,,0.0,series BE; mcap < 500 cr; value < 50 L; listed < 1y
LPDC,2020-03-09,2022-01-12,21.3,BE,10.731452800000001,228.7140878,3.5370540000000004,False,True,,,0.0,series BE; mcap < 500 cr; value < 50 L
CDSL,2020-03-23,2024-12-17,21.2,EQ,1940.5649999999996,41048.645,61922.224246000005,True,True,2020-03-23,21.15,1.0,
UNITECH,2019-10-16,2025-10-07,21.1,EQ,766.0657090057317,16174.930255863883,22.31118,True,True,,,0.0,value < 50 L
TIMETECHNO,2020-04-01,2024-12-11,21.1,EQ,538.95653175,11374.81943325,4238.292698,True,True,2020-04-01,21.11,1.0,
PRESSMN,2020-03-24,2023-09-21,21.1,BE,,,76.211733,False,False,,,0.0,series BE; mcap unknown
RANASUG,2019-08-23,2022-04-22,21.1,EQ,30.713564,648.0562004000001,374.94510149999996,False,True,2021-07-02,1.27,0.079,
OSWALSEEDS,2019-01-23,2023-05-02,21.0,EQ,28.9655,609.1902000000001,46.9990965,False,True,,,0.0,value < 50 L
CUMMINSIND,2020-04-07,2026-05-27,21.0,EQ,7959.798,167082.3,28684.14387,True,True,2020-04-07,20.99,1.0,
PARTYCRUS,2021-08-23,2022-10-19,20.9,SM,9.324,194.6,27.377,False,True,,,0.0,series SM; mcap < 500 cr; value < 50 L
DGCONTENT,2019-11-21,2025-01-07,20.9,BE,18.61986496,389.969796756,2.8494303999999997,False,True,,,0.0,series BE; mcap < 500 cr; value < 50 L
KDL,2023-06-28,2024-09-12,20.8,ST,46.72800000000001,973.6144,125.90775,False,True,,,0.0,series ST
ICIL,2020-03-25,2026-09-23,20.8,EQ,454.5347103,9438.279572700001,1815.8983930000002,True,True,2020-04-07,18.47,0.961,
UNIVASTU,2020-06-17,2026-08-18,20.8,BE,29.036552999999994,603.0852282,181.4837505,False,True,,,0.0,series BE
TPLPLASTEH,2020-03-31,2024-07-31,20.7,EQ,48.985884,1013.102964,443.5599725,True,True,2024-02-02,1.9,0.212,
THEMISMED,2019-08-01,2024-12-02,20.7,EQ,133.48617885000002,2762.2114155,391.1446745,True,True,2021-05-31,5.2,0.544,
LEXUS,2020-04-13,2022-09-29,20.7,SM,9.590593899999998,198.57577053999995,4.3285,False,True,,,0.0,series SM; mcap < 500 cr; value < 50 L
PARACABLES,2020-03-09,2024-01-29,20.6,EQ,155.18348895,3201.5332405,536.4558175,True,True,2021-07-05,6.4,0.613,
TRIDENT,2020-03-23,2022-01-17,20.6,EQ,1681.6653711,34652.498556,9010.7511625,True,True,2020-03-23,20.61,1.0,
GTLINFRA,2020-03-20,2024-07-05,20.6,EQ,256.14041894,5289.2996511110005,848.606052,True,True,2020-08-06,5.51,0.563,
BUTTERFLY,2020-03-24,2022-10-14,20.5,EQ,158.05523084000004,3243.8869379300004,160.510729,True,True,2020-11-10,4.75,0.516,
GULPOLY,2020-03-30,2022-02-04,20.5,EQ,128.17155628499998,2628.608389114999,173.53725350000002,True,True,2021-01-21,4.34,0.486,
JINDALSTEL,2020-04-03,2026-04-21,20.4,EQ,6441.856332555,131468.95394136,15989.358326,True,True,2020-04-03,20.41,1.0,
ACCORD,2020-07-09,2026-07-15,20.4,ST,3.59352,73.13768,4.608,False,True,,,0.0,series ST; mcap < 500 cr; value < 50 L
SHAREINDIA,2020-11-03,2024-02-26,20.4,EQ,321.65894721999996,6552.755370979999,2001.4096415000001,True,True,2021-09-24,3.09,0.374,
ONWARDTEC,2020-05-26,2023-12-18,20.4,EQ,77.96863305,1589.3000150999999,233.91128600000002,True,True,2021-07-20,2.75,0.335,
VIVIDHA,2019-09-12,2022-01-24,20.3,BE,4.3905080100000005,89.27366287000001,18.328913,False,True,,,0.0,series BE; mcap < 500 cr; value < 50 L
SPAL,2020-03-30,2026-07-09,20.3,EQ,145.788006,2957.413836,259.547104,True,True,2021-05-17,5.86,0.587,
JSWENERGY,2020-05-19,2024-09-23,20.2,EQ,6438.905240219999,130266.53628393999,17870.8141915,True,True,2020-05-19,20.23,1.0,
PVP,2019-02-06,2026-09-23,20.2,EQ,88.53725154000001,1786.629655341,363.8234946,True,True,2024-02-20,2.77,0.339,
RPGLIFE,2020-03-23,2026-09-23,20.2,EQ,248.085225,5003.7135981,385.537425,True,True,2020-07-20,9.54,0.751,
IRISDOREME,2020-10-14,2026-09-23,20.1,EQ,53.83661580000001,1080.9739887600003,378.0328192,True,True,2023-06-14,1.59,0.155,
PANAMAPET,2020-03-23,2026-08-11,20.1,EQ,164.24011856999996,3299.9257709,832.3171195,True,True,2020-12-03,6.57,0.627,
STEL,2020-03-25,2026-09-22,20.1,EQ,60.9028365,1224.608398775,19.96861,False,True,2024-04-29,2.08,0.245,
FLUOROCHEM,2020-03-25,2024-10-21,20.1,EQ,2631.45675,52866.96025,5034.920623999999,True,True,2020-10-16,9.82,0.761,
RTNPOWER,2019-08-30,2024-06-03,20.1,BE,537.010586,10793.912778600003,1336.273777,True,True,2020-08-27,5.58,0.573,
DIGJAMLMTD,2021-10-18,2022-01-11,20.0,EQ,3.45,69.01,0.3288475,False,True,,,0.0,mcap < 500 cr; value < 50 L; listed < 1y
MASTEK,2020-03-27,2021-10-19,20.0,EQ,527.63448221,10535.985560970003,2963.36364,True,True,2020-03-27,19.97,1.0,
PFOCUS,2020-05-27,2026-09-22,20.0,EQ,536.17059276,10706.937339780001,1813.7546588,True,True,2021-02-17,7.02,0.651,
CREATIVE,2019-01-01,2024-12-12,19.9,EQ,74.204328,1474.60021125,206.86905199999998,True,True,2021-10-29,2.85,0.351,
KPRMILL,2020-04-03,2025-05-09,19.9,EQ,2244.00891,44649.45375,1809.8811275,True,True,2020-08-28,11.55,0.818,
AVROIND,2021-04-22,2025-01-17,19.8,BE,11.768633333333334,232.53474480000006,25.954484700000002,False,True,,,0.0,series BE; mcap < 500 cr; value < 50 L
MTNL,2019-08-22,2024-07-26,19.8,EQ,308.7,6116.04,1774.9640845,True,True,2020-01-21,8.19,0.704,
SIMPLEXINF,2020-04-01,2024-12-16,19.7,BE,99.14279270000003,1949.9987325,277.5257018,True,True,2024-07-16,2.35,0.287,
VADILALIND,2020-03-25,2026-08-28,19.7,EQ,288.26792215,5678.3857,1140.94332,True,True,2020-09-16,9.9,0.769,
SHYAMCENT,2020-03-24,2022-04-18,19.6,EQ,39.25200315,769.12708875,118.952679,False,True,2022-03-29,1.46,0.126,
TATAELXSI,2020-03-23,2022-08-17,19.6,EQ,3390.3293936,66541.7533756,32198.330499,True,True,2020-03-23,19.63,1.0,
OMKARCHEM,2020-03-27,2021-12-10,19.6,BE,2.522345759760479,49.45991033269461,14.6904435,False,True,,,0.0,series BE; mcap < 500 cr; value < 50 L
TWL,2020-03-23,2023-06-16,19.6,EQ,,,2078.4056105,False,False,,,0.0,mcap unknown
SUMIT,2020-11-24,2024-09-27,19.5,BE,24.622570420000002,480.2165908,20.0179568,False,True,,,0.0,series BE; mcap < 500 cr; value < 50 L
INFOBEAN,2019-07-30,2026-01-07,19.5,EQ,125.50139095,2441.7492307,412.640244,True,True,2021-05-21,3.85,0.454,
JSWHL,2020-03-23,2025-04-17,19.5,BE,1500.225315,29325.20925,573.9946239999999,True,True,2020-12-28,6.7,0.64,
NDGL,2020-03-25,2024-10-14,19.5,EQ,31.38,613.02,9.766964,False,True,,,0.0,value < 50 L
TEXRAIL,2020-03-23,2024-07-12,19.4,EQ,569.25733095,11027.492013090001,6772.723335,True,True,2020-03-23,19.37,1.0,
RADICO,2020-03-23,2026-08-18,19.4,EQ,3256.4486710650003,63282.471423869996,10804.155578,True,True,2020-03-23,19.43,1.0,
BPL,2020-03-19,2021-10-11,19.2,BE,42.853782125,824.017010575,67.35628,False,True,,,0.0,series BE
MARATHON,2020-03-30,2025-07-17,19.2,EQ,186.47604909,3575.4551276400002,487.3317275,True,True,2021-09-27,6.65,0.641,
BAJAJHIND,2020-03-26,2024-07-30,19.2,EQ,300.17958637,5767.2801381300005,7138.7502585,True,True,2020-04-20,11.43,0.824,
GISOLUTION,2020-06-03,2023-05-19,19.2,BE,,,0.0335775,False,False,,,0.0,series BE; mcap unknown; value < 50 L
GRCL,2023-02-27,2026-07-13,19.1,ST,18.9354,361.03496,7.48775,False,True,,,0.0,series ST; mcap < 500 cr; value < 50 L
SANGAMIND,2019-08-29,2026-07-17,19.0,EQ,168.82843824,3200.454575505,154.213493,True,True,2021-09-24,3.99,0.471,
MANAKSTEEL,2020-03-27,2026-09-11,19.0,BE,40.631111,772.71198355,40.8369968,False,True,2024-01-20,1.44,0.124,
WELINV,2019-02-18,2026-09-23,18.9,BE,47.508188,897.9047532,4.057818,False,True,,,0.0,series BE; value < 50 L
PRAJIND,2020-03-24,2025-01-01,18.9,EQ,822.1160688,15516.407412479999,5552.330737,True,True,2020-03-24,18.87,1.0,
DENORA,2020-03-24,2023-07-14,18.9,EQ,63.30546045,1197.7074599100001,334.0700775,False,True,2023-03-02,2.39,0.297,
RENUKA,2020-03-23,2022-10-10,18.9,EQ,734.328971685,13909.680666555,6479.62941,True,True,2020-03-23,18.94,1.0,
KEYFINSERV,2019-12-09,2025-04-15,18.8,EQ,16.8440136,316.87800585,23.485809300000003,False,True,,,0.0,mcap < 500 cr; value < 50 L
POLYCAB,2019-08-22,2026-06-19,18.8,EQ,8044.987814625,151409.44868850004,32556.617145,True,True,2020-04-28,14.32,0.907,
SWARAJ,2022-11-18,2026-08-25,18.6,EQ,31.03883595,575.8792146000001,444.02725,False,True,2026-08-13,1.02,0.005,
SIKKO,2020-03-19,2022-09-20,18.6,EQ,15.12,280.728,9.9384925,False,True,,,0.0,mcap < 500 cr; value < 50 L
VOLTAMP,2020-03-24,2024-08-22,18.6,EQ,787.4660352,14642.305433599997,2566.0588435,True,True,2020-03-24,18.59,1.0,
SUNFLAG,2020-03-23,2026-05-08,18.6,EQ,402.7904662800001,7494.425745080001,389.840989,True,True,2020-07-02,10.57,0.807,
SMSPHARMA,2020-03-27,2026-09-22,18.5,EQ,220.9417983,4091.65587005,718.9516515,True,True,2020-06-23,7.29,0.681,
ALPSINDUS,2019-10-03,2021-12-23,18.5,BE,1.173423,21.7083255,2.619398,False,True,,,0.0,series BE; mcap < 500 cr; value < 50 L
VERTOZ,2020-03-23,2024-04-24,18.5,BE,75.796893625,1399.345582725,324.62111699999997,False,True,2023-10-10,2.79,0.352,
SDBL,2020-08-17,2025-06-25,18.5,EQ,178.27420750000002,3297.1039571875,3121.3280848000004,True,True,2022-03-28,6.43,0.638,
POLYMED,2019-06-14,2024-11-01,18.5,EQ,1620.0202146699999,30020.025168379998,2546.655265,True,True,2020-02-03,11.14,0.826,
SUNDARMHLD,2020-03-23,2025-10-14,18.5,EQ,829.5579171,15334.0504944,1021.4931909999999,True,True,2021-01-13,9.03,0.754,
BSL,2020-03-30,2024-12-23,18.4,EQ,18.268598199999996,337.047917664,75.7427431,False,True,,,0.0,mcap < 500 cr
TFL,2020-03-30,2024-09-18,18.4,BE,10.24840509,188.765861372,6.789406,False,True,,,0.0,series BE; mcap < 500 cr; value < 50 L
NACLIND,2020-03-25,2025-07-31,18.3,BE,351.15000466000004,6432.11311652,522.2715914,True,True,2021-06-17,4.35,0.505,
MAGADSUGAR,2020-03-24,2024-09-20,18.3,EQ,73.55830860000002,1349.20311435,284.78157,True,True,2021-07-02,2.59,0.327,
TIINDIA,2020-04-01,2024-10-24,18.2,EQ,5004.4791354,91206.05212530002,7824.55853,True,True,2020-04-01,18.22,1.0,
HUDCO,2020-03-25,2024-07-11,18.2,EQ,3773.5815,68505.018,44342.237699,True,True,2020-03-25,18.15,1.0,
MSPL,2020-05-21,2024-09-25,18.1,BE,134.89525,2435.437385,335.55394479999995,True,True,2022-01-13,4.2,0.496,
ROSSELLIND,2019-08-02,2024-07-09,18.1,EQ,130.05283875,2354.14486375,272.8264175,False,True,2021-06-17,3.99,0.478,
BIRLATYRE,2020-03-27,2020-07-02,18.1,EQ,,,4.622438,False,False,,,0.0,mcap unknown; value < 50 L; listed < 1y
JINDALSAW,2020-03-24,2024-09-24,18.1,EQ,1317.38696204,23909.614098675,5992.7938404999995,True,True,2020-03-24,18.15,1.0,
DCMNVL,2020-03-27,2022-01-14,18.0,EQ,40.063771605,721.1478888900001,244.97188699999998,False,True,2021-11-01,1.41,0.119,
VCL,2020-03-20,2022-05-11,18.0,EQ,21.829763736,392.49474192,11.6925,False,True,,,0.0,mcap < 500 cr; value < 50 L
JINDWORLD,2020-05-21,2023-01-04,18.0,EQ,512.329622,9233.964419999998,485.7530415,True,True,2020-12-03,9.65,0.784,
AURDIS,2019-08-01,2024-08-29,18.0,SM,19.065,342.555,18.00975,False,True,,,0.0,series SM; mcap < 500 cr; value < 50 L
MOHITIND,2020-05-07,2024-12-26,17.9,EQ,4.10569675,73.690177875,15.399547,False,True,,,0.0,mcap < 500 cr; value < 50 L
PARIN,2020-03-18,2026-07-27,17.9,SM,45.5838,816.50592,123.06025,False,True,,,0.0,series SM
RELIGARE,2020-03-27,2024-12-20,17.9,EQ,570.0110619899999,10195.949314035,2292.307134,True,True,2020-03-27,17.89,1.0,
KARURVYSYA,2020-03-24,2026-08-26,17.9,EQ,1593.1354729,28439.6753059,6050.363317,True,True,2020-03-24,17.85,1.0,
TATAMOTORS,2020-04-03,2024-07-30,17.8,EQ,21698.19166095,386064.99205627496,114780.5363005,True,True,2020-04-03,17.79,1.0,
JSLHISAR,2020-03-24,2023-03-08,17.8,EQ,,,760.2979045000001,False,False,,,0.0,mcap unknown
SHAILY,2023-03-20,2026-08-11,17.8,EQ,888.68300625,15860.5262829,6080.417173,True,True,2023-06-21,10.68,0.822,
BLBLIMITED,2020-03-24,2024-02-28,17.8,BE,15.595251110000003,277.80693078999997,114.367203,False,True,,,0.0,series BE; mcap < 500 cr
PANSARI,2019-12-10,2026-07-21,17.8,EQ,35.76594,637.331604,9.982142,False,True,,,0.0,value < 50 L
HITECHGEAR,2020-03-24,2024-04-22,17.8,EQ,128.93616,2292.69888,345.57963950000004,False,True,2021-07-27,3.69,0.453,
TATAPOWER,2020-05-11,2024-09-27,17.8,EQ,8723.27696331,155133.73500685,47872.554613,True,True,2020-05-11,17.78,1.0,
TARAPUR,2023-03-31,2025-01-03,17.8,BE,5.46000308,97.227054846,10.940578400000001,False,True,,,0.0,series BE; mcap < 500 cr; value < 50 L
KINGFA,2020-07-01,2026-09-23,17.7,EQ,425.985465675,7557.53318705,489.06668,True,True,2021-03-04,9.12,0.768,
EIMCOELECO,2020-03-30,2024-07-26,17.7,BE,110.00310195,1945.532050875,166.130865,True,True,2023-10-30,2.28,0.287,
TVSMOTOR,2020-04-03,2026-08-10,17.7,EQ,12017.32854863,212183.40685467998,34426.227801,True,True,2020-04-03,17.66,1.0,
WALCHANNAG,2020-03-25,2024-07-31,17.6,EQ,109.62228924000001,1925.3534901360001,732.8546125,True,True,2023-12-26,2.13,0.263,
TATAINVEST,2020-03-23,2025-10-01,17.6,EQ,3042.29514848,53529.823168,1710.332545,True,True,2020-03-23,17.6,1.0,
JKTYRE,2020-03-23,2026-02-11,17.6,EQ,896.8892837599999,15771.172318209998,4031.3379044999997,True,True,2020-03-23,17.58,1.0,
PURVA,2020-03-23,2024-07-03,17.6,BE,742.2785171799999,13036.11823942,656.403142,True,True,2020-12-17,7.25,0.691,
MCDHOLDING,2020-03-25,2021-11-24,17.6,BE,,,52.073473,False,False,,,0.0,series BE; mcap unknown
RTNINDIA,2021-04-07,2024-02-08,17.5,EQ,711.8688398800001,12488.80576372,6578.151162,True,True,2022-04-11,1.84,0.213,
INDSWFTLTD,2020-05-26,2025-01-01,17.5,BE,10.29128407,180.09747122499996,16.044003500000002,False,True,,,0.0,series BE; mcap < 500 cr; value < 50 L
BOHRA,2020-03-26,2021-05-28,17.4,SM,,,0.189,False,False,,,0.0,series SM; mcap unknown; value < 50 L
J&KBANK,2020-04-03,2026-07-10,17.4,EQ,1222.31253393,21214.280149694998,5340.8610069,True,True,2020-04-03,17.36,1.0,
KSHITIJPOL,2021-06-14,2022-11-03,17.3,BE,20.7674553,358.6184964,148.65837050000002,False,True,,,0.0,series BE; mcap < 500 cr
GSS,2020-03-31,2022-11-16,17.2,EQ,32.264685915,555.613134615,170.622748,False,True,2022-11-01,1.09,0.031,
HINDMOTORS,2020-03-23,2024-05-09,17.2,EQ,56.33800911,970.26571245,246.7591,False,True,2024-04-22,1.64,0.173,
AUTOIND,2020-03-30,2024-02-13,17.2,EQ,36.23574252,622.82617654,208.61138,False,True,2023-12-06,1.22,0.071,
LATTEYS,2020-03-19,2023-05-29,17.2,EQ,16.558797600000002,285.466771125,20.71875,False,True,,,0.0,mcap < 500 cr; value < 50 L
MPSLTD,2020-03-18,2026-08-07,17.2,EQ,290.8844010800001,5014.05678592,306.362658,True,True,2021-03-31,6.33,0.648,
SAFARI,2020-05-29,2024-12-11,17.1,EQ,757.388964915,12956.11991325,1346.193158,True,True,2020-10-14,13.25,0.91,
MANINFRA,2020-03-24,2024-12-27,17.0,EQ,558.731859525,9476.53783803,1448.8998693,True,True,2020-09-08,10.66,0.836,
TRITURBINE,2020-03-23,2024-11-27,17.0,EQ,1560.7756428300002,26537.954081805,5785.7033329999995,True,True,2020-08-24,11.34,0.857,
CCHHL,2020-03-23,2024-07-04,16.9,EQ,28.606328625,482.38443298500005,29.0667105,False,True,,,0.0,mcap < 500 cr; value < 50 L
CONSOFINVT,2020-03-19,2023-12-26,16.9,EQ,63.35967736,1073.2353511999997,109.845687,False,True,2023-12-01,1.25,0.08,
BIRLAMONEY,2020-03-25,2024-12-24,16.9,EQ,98.32600974,1665.6652086760002,100.18774529999999,True,True,2023-10-11,2.98,0.386,
ORISSAMINE,2019-08-26,2024-09-20,16.9,EQ,332.37000000000006,5617.5,2131.279172,True,True,2019-10-25,9.82,0.808,
ALKYLAMINE,2019-08-02,2021-07-27,16.8,EQ,1407.956569532,23631.146743689995,3433.2133375,True,True,2019-12-05,10.9,0.847,
TRIVENI,2020-03-25,2024-09-16,16.8,EQ,659.9773735200001,11109.071876,3152.132037,True,True,2020-03-25,16.83,1.0,
PRECAM,2020-03-26,2025-01-03,16.8,EQ,207.0691203,3474.106915125,1211.112948,True,True,2021-05-19,6.69,0.674,
SUMMITSEC,2020-03-24,2024-12-11,16.8,EQ,231.1177572,3887.302560075,325.532783,False,True,2021-09-17,4.6,0.541,
ALCHEM,2019-12-13,2020-12-15,16.8,EQ,,,1.4953670000000001,False,False,,,0.0,mcap unknown; value < 50 L
CLEDUCATE,2020-04-07,2024-12-16,16.7,EQ,41.41509299125,692.8008638980001,60.4429158,False,True,2023-12-20,1.25,0.079,
JBCHEPHARM,2019-01-07,2026-07-15,16.7,EQ,2320.6234648000004,38854.066496,5167.81867,True,True,2019-01-07,16.74,1.0,
MUKANDLTD,2020-03-24,2024-01-04,16.7,EQ,178.452020305,2975.16364217,396.6097035,True,True,2021-07-20,1.49,0.143,
SOBHA,2020-03-27,2024-06-14,16.7,EQ,1239.1610694449998,20687.303227095003,4591.71454,True,True,2020-03-27,16.69,1.0,
PKTEA,2020-03-31,2026-09-09,16.6,EQ,21.20677115,351.78473076999995,0.811232,False,True,,,0.0,mcap < 500 cr; value < 50 L
AGRITECH,2020-03-24,2024-07-24,16.6,EQ,10.0386,166.9437,21.0155545,False,True,,,0.0,mcap < 500 cr; value < 50 L
VIPCLOTHNG,2020-03-25,2023-10-11,16.6,EQ,28.90878165,480.71174058,65.597416,False,True,,,0.0,mcap < 500 cr
ROHLTD,2020-03-23,2025-09-02,16.5,EQ,92.97147885,1538.4174354250001,222.99431600000003,True,True,2022-08-12,3.03,0.396,
SOFTTECH,2020-03-24,2024-12-13,16.5,EQ,34.68280829999999,573.0534285,27.413414,False,True,,,0.0,value < 50 L
BIRLACABLE,2020-03-24,2023-09-07,16.5,EQ,76.95000000000002,1270.9500000000003,766.750764,True,True,2023-05-19,2.53,0.331,
KOHINOOR,2020-02-25,2022-06-30,16.5,BE,27.61828985,455.6091037,2.075198,False,True,,,0.0,series BE; mcap < 500 cr; value < 50 L
BSOFT,2020-03-23,2024-02-06,16.5,EQ,1428.37954028,23532.415051639997,15051.3155095,True,True,2020-03-23,16.47,1.0,
ARVSMART,2020-05-26,2024-11-28,16.5,EQ,276.4030719,4562.463165509999,595.0713055,True,True,2020-12-14,8.71,0.772,
ASHIMASYN,2020-03-25,2024-07-02,16.5,EQ,57.4980234,946.80078532,420.2489746,False,True,2024-05-27,1.73,0.196,
CORDSCABLE,2020-03-23,2026-09-22,16.4,EQ,30.121727400000005,495.0046962,54.06349769999999,False,True,,,0.0,mcap < 500 cr
NATIONALUM,2020-05-22,2026-04-28,16.4,EQ,4940.539507029999,81087.29339605,49749.1055175,True,True,2020-05-22,16.41,1.0,
PANACHE,2020-05-12,2026-08-24,16.4,BE,40.02,658.2599999999999,53.324693499999995,False,True,2026-07-06,1.28,0.089,
PENTAGOLD,2020-08-07,2022-05-17,16.4,SM,10.815554644808742,177.6841120218579,8.34,False,True,,,0.0,series SM; mcap < 500 cr; value < 50 L
ARVEE,2020-06-08,2024-04-10,16.3,EQ,20.7176,337.9834,1.6593345000000002,False,True,,,0.0,mcap < 500 cr; value < 50 L
SMLISUZU,2020-03-23,2025-08-25,16.3,EQ,417.07283772,6797.04269328,4426.002601,True,True,2020-04-16,13.43,0.931,
SELAN,2020-03-19,2024-08-20,16.3,EQ,95.152,1554.884,841.7258405,True,True,2022-10-10,3.11,0.406,
FSL,2020-03-23,2025-01-07,16.3,EQ,1742.477065,28350.10184755,11877.4077395,True,True,2020-03-23,16.27,1.0,
ANANDRATHI,2022-02-24,2026-09-08,16.2,EQ,2301.55832238,37223.9701106,4700.019756000001,True,True,2022-12-16,13.1,0.924,
CUBEXTUB,2020-03-31,2026-09-24,16.2,EQ,12.242723625000002,198.17461400000002,31.942715699999997,False,True,,,0.0,mcap < 500 cr; value < 50 L
NDL,2020-03-18,2024-09-25,16.2,BE,64.14548976,1039.3010812799998,873.6705629,False,True,2021-12-07,1.96,0.241,
INTENTECH,2020-03-24,2024-07-16,16.2,EQ,25.344844920000003,411.572120562,127.06005,False,True,,,0.0,mcap < 500 cr
PRITI,2020-01-09,2023-12-12,16.1,EQ,20.65246677,332.0661042400001,70.496588,False,True,,,0.0,mcap < 500 cr
GODFRYPHLP,2019-08-06,2025-08-21,16.1,EQ,3589.140297599999,57916.027488,11574.069095,True,True,2019-08-06,16.14,1.0,
IRB,2020-03-24,2024-06-07,16.1,EQ,2880.603000000001,46409.715,16722.0035925,True,True,2020-03-24,16.11,1.0,
GANECOS,2020-03-26,2024-11-29,16.0,EQ,327.87754293999996,5236.981487285,1385.689106,True,True,2020-12-29,6.73,0.688,
MOREPENLAB,2020-03-23,2026-09-21,16.0,EQ,391.04406162000004,6254.14914238,11214.569333,True,True,2020-04-03,11.17,0.871,
GUJRAFFIA,2019-12-26,2024-12-30,16.0,BE,3.56697,57.222846,1.5987898,False,True,,,0.0,series BE; mcap < 500 cr; value < 50 L
KSERASERA,2019-01-11,2020-03-06,16.0,EQ,,,0.874612,False,False,,,0.0,mcap unknown; value < 50 L
CHOLAFIN,2020-05-26,2026-08-06,15.9,EQ,10251.9318726,162889.00764,22237.645631,True,True,2020-05-26,15.89,1.0,
COUNCODOS,2020-03-31,2025-04-28,15.9,EQ,5.8197975,92.4959816,3.9122624,False,True,,,0.0,mcap < 500 cr; value < 50 L
MANALIPETC,2020-03-25,2022-04-20,15.9,EQ,153.93930995499997,2449.26902096,426.818706,True,True,2020-09-25,4.72,0.56,
DPWIRES,2020-03-30,2023-09-29,15.8,EQ,69.70075557,1100.8687745700001,286.4651515,False,True,2022-11-14,1.71,0.195,
JWL,2022-06-20,2024-07-05,15.8,EQ,1908.91948375,30097.434625,11572.537407,True,True,2023-06-23,4.88,0.575,
VLSFINANCE,2020-03-23,2024-09-30,15.7,EQ,96.16315500000002,1505.0407968,404.33662649999997,False,True,2021-06-23,2.86,0.382,
ORIENTBELL,2020-05-18,2022-07-19,15.7,EQ,75.0539164,1174.92169712,198.4413645,False,True,2021-07-22,2.34,0.309,
BRIGADE,2020-05-21,2024-10-01,15.6,EQ,2124.5832136,33049.970284170005,4424.4619505,True,True,2020-05-21,15.56,1.0,
KORE,2022-09-08,2024-07-08,15.6,SM,58.4325,908.7645,46.554,False,True,,,0.0,series SM; value < 50 L
WOCKPHARMA,2023-03-28,2026-09-23,15.6,EQ,2151.43499189,33571.32016481,12588.301862,True,True,2023-03-28,15.6,1.0,
REPL,2019-08-02,2025-01-03,15.6,BE,38.1535,596.92885,63.2544134,False,True,2024-12-23,1.14,0.048,
KAPSTON,2020-03-25,2026-08-14,15.5,EQ,77.0948636,1193.7530984799998,106.03064300000001,True,True,2026-01-21,1.69,0.192,
TECHLABS,2023-12-29,2025-01-08,15.5,ST,178.08136452,2753.4783324399996,541.4408125,False,True,,,0.0,series ST
BIL,2020-03-30,2026-09-09,15.4,EQ,87.66357097999999,1353.04692702,38.8584605,True,True,,,0.0,value < 50 L
GLOBE,2019-09-24,2021-12-14,15.4,EQ,18.13698,279.611775,48.046147000000005,False,True,,,0.0,mcap < 500 cr; value < 50 L
SAHANA,2023-07-24,2024-12-17,15.4,SM,109.63191902999999,1684.9810224950002,196.0905,False,True,,,0.0,series SM
MARALOVER,2020-03-30,2022-01-20,15.4,EQ,35.69688,548.52822,54.026095,False,True,2022-01-19,1.05,0.018,
DCW,2020-03-24,2024-11-06,15.4,EQ,211.03583715500002,3254.9695274759997,6339.8228183,True,True,2020-12-04,5.91,0.65,
KIRLOSIND,2020-03-25,2024-05-18,15.4,EQ,415.35924338999996,6401.814601980001,128.6865585,True,True,2021-07-20,3.87,0.494,
HCC,2020-03-26,2024-07-31,15.3,EQ,552.25530906,8435.1324603,13318.3000129,True,True,2020-03-26,15.27,1.0,
PRESTIGE,2020-05-19,2024-06-24,15.3,EQ,5405.61940419,82449.22499471999,13881.034658499999,True,True,2020-05-19,15.25,1.0,
UGARSUGAR,2020-03-25,2023-07-31,15.3,EQ,98.99999999999999,1512.5624999999998,786.6639409999999,True,True,2022-02-09,2.52,0.34,
TEMBO,2020-05-06,2025-01-02,15.3,BE,63.8465395,979.8500657699999,277.128,True,True,,,0.0,series BE
EMKAY,2020-03-25,2025-09-24,15.2,EQ,61.600575,935.2199296500002,31.6979576,True,True,,,0.0,value < 50 L
NAVINFLUOR,2019-07-29,2026-09-09,15.2,EQ,2862.5468856,43487.025352,9928.32781,True,True,2019-07-29,15.19,1.0,
ESSARSHPNG,2020-03-25,2024-07-16,15.1,BE,98.3136342,1480.7068190880002,304.5949685,False,True,2024-01-08,2.17,0.286,
STLTECH,2025-05-02,2026-09-11,15.1,BE,2373.5557227239997,35810.84239362,11363.960436,False,True,2025-05-09,14.62,0.988,
MOKSH,2019-02-20,2022-01-18,15.1,EQ,19.3176198,292.17899947500007,337.37059600000003,False,True,,,0.0,mcap < 500 cr
NTL,2019-07-30,2024-04-03,15.0,BE,1.6963365600000002,25.4450484,1.7791015,False,True,,,0.0,series BE; mcap < 500 cr; value < 50 L
ELGIEQUIP,2020-04-07,2024-06-24,15.0,EQ,1628.9123422399998,24376.64151072,1415.6606915,True,True,2020-07-27,9.33,0.825,
RAYMOND,2020-03-30,2024-07-05,15.0,EQ,1431.0023478449998,21499.986426450003,4585.071776000001,True,True,2020-03-30,15.02,1.0,
CAPLIPOINT,2020-03-24,2026-09-24,14.9,EQ,1466.0361015300002,21775.249508040004,2555.940767,True,True,2020-03-24,14.85,1.0,
PROLIFE,2019-05-14,2025-01-06,14.9,SM,9.5801472,142.4535136,9.7595,False,True,,,0.0,series SM; mcap < 500 cr; value < 50 L
NITCO,2020-03-25,2025-07-02,14.8,EQ,77.96696617499998,1156.5698807249998,270.7557996,True,True,2024-06-18,1.83,0.223,
RSYSTEMS,2019-10-14,2023-12-18,14.8,EQ,459.0173666,6804.222639175,211.8505625,True,True,2021-06-30,3.73,0.488,
DEEPAKNTR,2019-01-30,2024-08-07,14.8,EQ,2850.6145569,42317.30490066,10313.2519425,True,True,2019-01-30,14.84,1.0,
GRWRHITECH,2023-03-28,2026-08-05,14.8,EQ,1161.38737606,17214.0423343,4345.344555,True,True,2023-03-28,14.82,1.0,
AISL,2020-05-05,2024-09-23,14.8,SM,13.852696,204.593664,13.9032,False,True,,,0.0,series SM; mcap < 500 cr; value < 50 L
UMESLTD,2020-05-18,2024-07-22,14.7,BE,1.8491067700000003,27.102622086,2.4063385,False,True,,,0.0,series BE; mcap < 500 cr; value < 50 L
MSTCLTD,2019-08-23,2024-01-30,14.7,EQ,529.056,7796.448,4752.307833,True,True,2020-04-08,12.82,0.948,
ASCOM,2019-12-16,2023-03-03,14.7,SM,35.14254,515.3067782,4.052,False,True,,,0.0,series SM; value < 50 L; listed < 1y
EXPLEOSOL,2020-03-24,2022-01-04,14.6,EQ,193.60874402500002,2820.0141749950003,296.8062665,True,True,2020-08-27,3.56,0.474,
21STCENMGM,2020-10-16,2024-09-10,14.5,BE,10.0275,145.5615,1.9929984,False,True,,,0.0,series BE; mcap < 500 cr; value < 50 L
ABCOTS,2022-06-13,2024-10-07,14.5,SM,35.147863,511.00773,3.803,False,True,,,0.0,series SM; value < 50 L
TRF,2020-03-24,2024-05-08,14.4,BE,50.62029520000001,729.09731706,142.234565,False,True,2024-02-12,1.4,0.126,
ZENSARTECH,2020-03-24,2025-02-01,14.4,EQ,1525.6229221199997,21921.6270658,4225.8750155,True,True,2020-03-24,14.37,1.0,
ZENITHEXPO,2020-03-19,2024-06-24,14.3,BE,17.05215,244.4825025,3.35622,False,True,,,0.0,series BE; mcap < 500 cr; value < 50 L
TEXMOPIPES,2020-03-23,2024-02-19,14.3,EQ,20.72845,297.2051,242.4079425,False,True,,,0.0,mcap < 500 cr
INDHOTEL,2020-05-18,2024-12-30,14.3,EQ,8849.09413066,126365.91642603,22172.534071500002,True,True,2020-05-18,14.28,1.0,
DALMIASUG,2020-03-25,2024-10-08,14.3,EQ,322.543122455,4621.6342013,821.103109,True,True,2020-04-15,8.86,0.819,
SUMEETINDS,2020-03-31,2025-10-21,14.2,BE,12.955298625,183.6825794140909,65.1525786,False,True,,,0.0,series BE; mcap < 500 cr
KAMDHENU,2020-03-24,2024-03-02,14.2,EQ,123.76862250000002,1759.5615375,1081.9342555,True,True,2021-08-03,3.49,0.471,
MADRASFERT,2020-03-23,2024-07-09,14.2,EQ,147.4076895,2095.6057104,340.7956225,False,True,2021-07-01,3.92,0.515,
URAVI,2019-03-12,2024-07-16,14.1,EQ,50.050000000000004,707.9050000000001,58.792147,False,True,2024-07-16,1.0,0.0,
ALOKINDS,2020-03-31,2020-07-02,14.1,EQ,1961.269958395,27681.215235575,110.0603245,True,True,,,0.0,listed < 1y
M&M,2020-03-24,2026-01-02,14.1,EQ,33450.92555389999,472839.40269943996,67809.19678,True,True,2020-03-24,14.14,1.0,
KALYANKJIL,2022-06-20,2025-01-02,14.1,EQ,5752.846323344999,81157.88036103,37468.9622565,True,True,2022-06-20,14.11,1.0,
VIDHIING,2020-03-19,2024-12-16,14.1,EQ,201.27835,2836.37655,74.476755,True,True,2020-09-18,5.58,0.65,
MARSHALL,2020-07-09,2023-05-31,14.0,EQ,12.070114584999999,168.38407376499998,40.773175,False,True,,,0.0,mcap < 500 cr; value < 50 L
SUVENPHAR,2020-03-30,2024-11-05,14.0,EQ,2429.18609263,33964.05642952,3310.389694,True,True,2021-03-10,2.77,0.387,
AMBER,2019-02-18,2026-05-07,14.0,EQ,2128.76992458,29793.68163675,21790.23423,True,True,2019-03-22,11.19,0.915,
ECLERX,2020-03-19,2026-02-03,14.0,EQ,1733.2916028,24252.845592,3171.98684,True,True,2020-03-19,13.99,1.0,
GAMMNINFRA,2020-03-17,2021-06-23,14.0,EQ,,,10.407791,False,False,,,0.0,mcap unknown; value < 50 L
HERCULES,2020-03-30,2024-10-10,13.9,EQ,155.84,2172.48,298.94435899999996,False,True,2021-07-05,4.18,0.543,
AGROPHOS,2020-04-03,2022-05-05,13.9,EQ,10.5425398,146.98733375,18.6715275,False,True,,,0.0,mcap < 500 cr; value < 50 L
ADFFOODS,2020-03-23,2024-12-17,13.9,EQ,275.208305475,3819.4078801749993,1020.820567,True,True,2020-05-29,6.36,0.704,
ARIES,2020-03-24,2026-08-26,13.9,EQ,47.270772265,655.0285554299999,57.426671500000005,False,True,2024-12-13,1.31,0.101,
MINDACORP,2020-04-03,2026-08-18,13.9,EQ,1277.8795426599997,17817.394371699997,2489.5895145,True,True,2020-04-03,13.94,1.0,
TVSELECT,2020-03-25,2025-10-07,13.9,EQ,90.17428753,1250.8768282600001,41.822457,True,True,2022-04-04,2.47,0.344,
ELGIRUBCO,2020-05-11,2024-12-27,13.8,EQ,53.30325,734.9342,66.5853071,False,True,2024-12-10,1.14,0.049,
SHREYAS,2020-03-26,2023-09-27,13.8,EQ,76.96115316499998,1064.7207751699998,222.989898,True,True,2021-07-26,2.09,0.28,
AFFLE,2019-08-23,2025-09-22,13.8,EQ,2179.659983,30090.521450199994,3896.516408,True,True,2020-08-17,5.13,0.623,
NAHARCAP,2020-04-03,2022-04-18,13.8,EQ,78.87444657,1085.8214682799999,201.078794,False,True,2021-07-30,2.08,0.279,
RUCHINFRA,2019-11-01,2020-07-01,13.7,BE,38.79034956,531.21228703,1.3840125,False,True,,,0.0,series BE; value < 50 L
BEWLTD,2021-09-16,2024-01-25,13.7,SM,34.568034465,474.081431235,19.0225,False,True,,,0.0,series SM; mcap < 500 cr; value < 50 L
MAGMA,2020-05-28,2021-07-29,13.7,BE,,,991.665893,False,False,,,0.0,series BE; mcap unknown
CURAA,2025-03-24,2025-08-25,13.7,BE,0.101408805,1.3886536889475825,0.012707999999999999,False,True,,,0.0,series BE; mcap < 500 cr; value < 50 L; listed < 1y
BBTCL,2019-09-12,2022-09-14,13.7,SM,49.226976,673.6916777999999,11.32,False,True,,,0.0,series SM; value < 50 L
TCIFINANCE,2023-05-15,2026-01-08,13.6,BE,3.475573110000001,47.151941859000004,1.6061892999999998,False,True,,,0.0,series BE; mcap < 500 cr; value < 50 L
PRIMESECU,2020-03-23,2024-11-11,13.6,EQ,83.537946375,1136.083116875,240.676327,True,True,2023-09-07,2.22,0.306,
KIRLFER,2020-03-24,2023-08-01,13.6,EQ,640.7205830550001,8733.425605065,483.3014025,True,True,2020-11-25,4.63,0.586,
SCI,2019-08-22,2024-07-12,13.6,EQ,1180.8004903500002,16100.34278065,10615.319326499999,True,True,2019-08-22,13.64,1.0,
BROOKS,2020-03-26,2025-01-06,13.5,BE,37.79530272,511.7326507860001,27.959675,False,True,,,0.0,series BE; value < 50 L
KIOCL,2020-03-25,2025-10-06,13.5,EQ,2823.0038409200006,38142.45878496,4286.431524,True,True,2020-10-22,5.45,0.651,
VASCONEQ,2020-03-25,2024-02-06,13.5,EQ,148.28246437,2001.813268995,1198.6516315000001,True,True,2021-07-12,3.8,0.513,
KALYANIFRG,2020-03-24,2026-09-03,13.5,BE,30.41368,409.36595,9.4962035,False,True,,,0.0,series BE; mcap < 500 cr; value < 50 L
ATALREAL,2021-04-15,2026-08-14,13.5,EQ,19.83468000000001,267.39813,2483.1591231,False,True,,,0.0,mcap < 500 cr
JISLDVREQS,2020-03-26,2024-06-24,13.5,EQ,6.270648800000001,84.8949376,28.575074,False,True,,,0.0,mcap < 500 cr; value < 50 L
GLENMARK,2020-03-23,2026-08-28,13.4,EQ,5307.58301436,70965.291234,11314.862618,True,True,2020-03-23,13.37,1.0,
OMAXAUTO,2020-03-26,2026-06-01,13.4,BE,41.13958502500001,549.560742295,56.4915053,False,True,,,0.0,series BE
NAHARINDUS,2020-03-23,2022-04-18,13.4,EQ,72.369348175,971.26146088,180.5778915,False,True,2022-01-05,1.65,0.194,
JKIL,2020-03-23,2024-07-05,13.4,EQ,511.1204930299999,6834.8651569799995,1789.707391,True,True,2020-03-23,13.37,1.0,
BEML,2020-03-23,2024-07-08,13.3,EQ,1622.886165,21664.718235,20678.326411500002,True,True,2020-03-23,13.35,1.0,
TARC,2020-12-24,2024-10-04,13.3,BE,591.668151675,7852.513474350001,1067.8547882,True,True,2021-12-24,5.46,0.657,
SVLL,2019-01-01,2026-09-22,13.3,EQ,74.93030999999999,994.84749,13.046878999999999,False,True,,,0.0,value < 50 L
LGBFORGE,2020-03-25,2022-01-11,13.3,BE,40.494418710000005,538.33756638,14.467806000000001,False,True,,,0.0,series BE; value < 50 L
ONMOBILE,2020-03-23,2022-04-26,13.3,EQ,145.51357319000002,1938.9418091850002,1754.6824,False,True,2020-10-30,3.84,0.52,
EVEREADY,2019-10-16,2024-08-23,13.3,EQ,262.4010086,3501.3453141999994,1251.5301140000001,True,True,2020-02-14,6.74,0.737,
HGINFRA,2020-03-24,2024-06-24,13.3,EQ,890.563231815,11883.626235295002,2749.7956585,True,True,2020-03-24,13.34,1.0,
TRANSWIND,2020-03-17,2024-02-27,13.3,ST,1.906365,25.4182,2.964,False,True,,,0.0,series ST; mcap < 500 cr; value < 50 L
INDIAGLYCO,2020-03-23,2026-08-27,13.3,EQ,559.0098825,7451.19459,1262.6729655,True,True,2020-03-23,13.33,1.0,
LGBBROSLTD,2020-03-24,2026-02-12,13.3,EQ,475.43814032,6302.96928448,986.653471,True,True,2020-03-26,12.2,0.968,
REDINGTON,2020-03-27,2026-09-22,13.2,EQ,2435.0425988,32077.679949200006,12231.003866,True,True,2020-03-27,13.17,1.0,
SASTASUNDR,2020-03-19,2021-11-24,13.2,EQ,135.0355725,1787.7501,93.0580995,False,True,2021-05-11,2.98,0.423,
QUINTEGRA,2019-05-21,2024-06-03,13.2,BE,0.5362766,7.10566495,0.4609475,False,True,,,0.0,series BE; mcap < 500 cr; value < 50 L
DLINKINDIA,2020-03-23,2024-09-17,13.2,EQ,189.2408505,2489.77760625,1949.2555284999999,True,True,2021-06-21,4.98,0.623,
ORIENTHOT,2020-05-19,2024-12-04,13.2,EQ,266.1127782,3521.0828337,587.3800318,True,True,2021-07-07,5.07,0.628,
HINDALCO,2020-03-23,2026-05-27,13.1,EQ,19753.033237170002,258362.48364931002,49582.9817375,True,True,2020-03-23,13.08,1.0,
IFGLEXPOR,2020-03-24,2023-12-04,13.1,EQ,250.83361151999998,3276.69424704,303.9232,True,True,2021-02-18,3.16,0.448,
RAMCOSYS,2020-05-22,2026-07-13,13.0,EQ,241.2990489,3132.99856678,724.4991975,True,True,2020-08-06,6.21,0.713,
CONTI,2021-05-06,2024-09-11,13.0,ST,5.2514742,68.2691646,12.352098,False,True,,,0.0,series ST; mcap < 500 cr; value < 50 L
MOLDTECH,2020-05-22,2023-09-04,13.0,EQ,84.74732007,1104.27035649,486.520309,False,True,2023-01-19,2.15,0.298,
DEVIT,2020-05-07,2025-01-03,13.0,EQ,31.5411495,411.27445534000003,273.4052578,False,True,,,0.0,mcap < 500 cr
FILATEX,2020-03-24,2026-09-23,13.0,EQ,370.6193425,4825.596996,2436.0799593,True,True,2020-04-07,9.64,0.883,
LAMBODHARA,2020-03-25,2024-12-11,13.0,EQ,18.316464,238.28007360000004,35.4645944,False,True,,,0.0,mcap < 500 cr; value < 50 L
ZOTA,2020-03-25,2025-12-15,13.0,EQ,334.593648015,4360.4440649,845.158421,True,True,2021-07-13,6.88,0.751,
SRHHYPOLTD,2020-03-23,2022-09-14,13.0,EQ,120.32539521,1562.9427761549998,299.94912,False,True,2021-05-04,3.12,0.444,
VINNY,2022-01-13,2023-02-28,13.0,BE,29.330765173913043,380.33911185000005,53.667722000000005,False,True,,,0.0,series BE; mcap < 500 cr
CANTABIL,2019-01-09,2025-02-07,13.0,EQ,206.54424120000002,2692.8307494000005,550.5315735,True,True,2019-03-18,5.04,0.63,
HLVLTD,2020-03-25,2024-02-07,12.9,EQ,201.074269195,2597.48400206,401.507913,False,True,2022-12-19,2.73,0.392,
KESORAMIND,2020-03-30,2024-12-13,12.9,EQ,557.59901899,7209.95723162,1230.3992524,False,True,2020-03-30,12.93,1.0,
AJOONI,2020-05-19,2022-02-09,12.9,EQ,11.126942567000002,143.336047556,42.925602999999995,False,True,,,0.0,mcap < 500 cr; value < 50 L
LEMERITE,2023-03-28,2025-12-11,12.9,SM,94.15881,1212.2066249999998,196.4938,False,True,,,0.0,series SM
NECCLTD,2020-03-30,2024-07-22,12.9,EQ,30.667881075,395.75720993399995,82.84859440000001,False,True,,,0.0,mcap < 500 cr
PAISALO,2020-05-19,2024-03-02,12.9,EQ,667.0221661450001,8571.8297891,2906.4765230000003,True,True,2020-09-30,4.55,0.594,
DAAWAT,2020-03-23,2023-11-02,12.9,EQ,,,1824.9070675,False,False,,,0.0,mcap unknown
BILENERGY,2019-01-07,2019-04-18,12.8,BE,,,2.155022,False,False,,,0.0,series BE; mcap unknown; value < 50 L
COMPUSOFT,2020-03-12,2023-11-29,12.8,EQ,26.90256392,344.98581968,29.993947000000002,False,True,,,0.0,mcap < 500 cr; value < 50 L
NIBL,2020-05-18,2023-12-19,12.8,EQ,9.207647,117.760959,6.599764,False,True,,,0.0,mcap < 500 cr; value < 50 L
MRPL,2020-03-30,2024-02-19,12.8,EQ,3908.29527271,50141.85100997,6770.5429585,True,True,2020-03-30,12.83,1.0,
BYKE,2020-03-24,2024-12-16,12.8,BE,32.07824,410.4811786,37.7803439,False,True,,,0.0,series BE; mcap < 500 cr; value < 50 L
CENTURYTEX,2020-03-24,2024-09-13,12.8,EQ,2535.491936,32348.1858848,4941.0849925,True,True,2020-03-24,12.76,1.0,
VEDL,2020-03-30,2026-04-17,12.8,EQ,22879.404401044998,292729.99132125,107620.4185685,True,True,2020-03-30,12.79,1.0,
KITEX,2019-08-23,2025-05-22,12.8,EQ,480.13,6164.151000000001,928.3296076,True,True,2020-01-07,7.97,0.813,
NBCC,2020-03-23,2024-08-28,12.7,EQ,2763.0,35227.8,43661.835223,True,True,2020-03-23,12.75,1.0,
INDORAMA,2020-03-25,2026-09-21,12.7,EQ,219.33504684000002,2782.1606239049997,149.1324663,True,True,2022-01-24,1.38,0.127,
CYIENT,2020-05-21,2023-12-22,12.7,EQ,2086.7930252399997,26451.541526409997,7792.579473,True,True,2020-05-21,12.68,1.0,
KARMAENG,2019-10-10,2024-01-31,12.7,BE,9.603031940000001,121.59983817999999,8.236948,False,True,,,0.0,series BE; mcap < 500 cr; value < 50 L
MADHUCON,2020-04-01,2024-07-16,12.7,BE,11.4382157,145.0070571,7.0189094999999995,False,True,,,0.0,series BE; mcap < 500 cr; value < 50 L
UWCSL,2019-01-21,2024-12-19,12.7,ST,7.8053565,99.466259665,2.245,False,True,,,0.0,series ST; mcap < 500 cr; value < 50 L
CHEMFAB,2020-03-25,2024-10-15,12.7,EQ,132.52079763,1683.7183467,206.9747065,False,True,2022-09-22,2.69,0.389,
BBOX,2023-03-21,2026-06-04,12.7,EQ,1427.189185,18103.4750502,2646.8772465,True,True,2023-05-22,7.72,0.805,
AIROLAM,2020-03-24,2024-02-20,12.7,EQ,22.503,285.48806,26.7258725,False,True,,,0.0,mcap < 500 cr; value < 50 L
KSB,2020-03-30,2024-07-15,12.7,EQ,1378.04254396,17531.66678748,1297.008482,True,True,2020-03-30,12.72,1.0,
SURANASOL,2020-05-15,2024-10-03,12.6,EQ,25.587432000000003,321.7127508,137.6651326,False,True,,,0.0,mcap < 500 cr
UTTAMSUGAR,2020-03-24,2023-11-29,12.6,EQ,157.8918168,1991.9540075999996,755.8405990000001,True,True,2021-04-30,3.97,0.544,
SURANAT&P,2020-03-30,2024-07-04,12.6,EQ,31.903591305000003,401.170690665,29.923234,False,True,,,0.0,mcap < 500 cr; value < 50 L
COSMOFILMS,2019-02-18,2022-04-08,12.6,EQ,,,1010.663252,False,False,,,0.0,mcap unknown
HAVISHA,2019-10-24,2022-01-20,12.6,BE,5.373753,67.555752,1.4140525,False,True,,,0.0,series BE; mcap < 500 cr; value < 50 L
SHANTIGEAR,2020-03-23,2026-09-10,12.6,EQ,443.034051075,5565.3515558849995,74.4212325,True,True,2020-12-22,6.2,0.721,
MAXHEALTH,2020-10-29,2025-07-03,12.6,EQ,10072.976852775,126473.4401949,21956.23858,True,True,2021-08-25,4.01,0.549,
GUFICBIO,2020-03-23,2024-11-08,12.5,EQ,389.57811081,4867.97152877,421.9305135,True,True,2020-07-06,6.28,0.727,
OPTOCIRCUI,2020-03-25,2020-07-02,12.5,BE,,,7.496352,False,False,,,0.0,series BE; mcap unknown; value < 50 L
KSL,2020-03-24,2024-12-18,12.5,EQ,437.1853959,5452.703724599999,267.6889615,True,True,2020-03-26,10.89,0.946,
DUCON,2020-03-31,2022-04-19,12.4,EQ,63.685414904999995,790.2190257599999,40.311491000000004,False,True,,,0.0,value < 50 L
LEMONTREE,2020-05-20,2025-09-08,12.4,EQ,1140.83490816,14096.441333952,3477.2769888999997,True,True,2020-05-20,12.36,1.0,
ABB,2020-05-26,2024-06-14,12.4,EQ,15383.488483125,191141.35425,25845.966894,True,True,2020-05-26,12.43,1.0,
SPECIALITY,2020-03-24,2023-01-19,12.3,EQ,107.40886339500001,1325.91075663,200.60468600000002,False,True,2021-10-19,2.56,0.374,
CREST,2020-03-30,2024-09-20,12.3,EQ,135.84875,1674.1402500000002,261.4031885,False,True,2023-08-17,2.54,0.371,
INDBANK,2020-04-01,2024-02-06,12.3,EQ,21.301536,262.275162,65.54468,False,True,,,0.0,mcap < 500 cr
VSCL,2020-06-11,2024-09-12,12.3,SM,7.47790875,91.9079725,5.31,False,True,,,0.0,series SM; mcap < 500 cr; value < 50 L
SHARDACROP,2020-03-25,2026-02-13,12.3,EQ,917.993536625,11331.694172,2355.9073685,True,True,2020-08-03,4.18,0.569,
SHIVAUM,2020-06-16,2026-09-22,12.3,EQ,56.985676,700.4886019999999,10.6587365,False,True,,,0.0,value < 50 L
ASHOKLEY,2020-03-25,2026-02-26,12.3,EQ,10114.958465820002,124444.81846598399,27070.0321533,True,True,2020-03-25,12.3,1.0,
MIRZAINT,2020-03-24,2022-09-12,12.2,EQ,418.0607475,5120.380395,1563.0982345,False,True,2020-03-31,10.05,0.921,
NH,2019-01-30,2025-06-27,12.2,EQ,3800.0891503799994,46250.937161279995,6297.643870499999,True,True,2019-08-13,9.78,0.913,
TIRUMALCHM,2020-03-25,2024-12-06,12.2,EQ,325.082281,3951.6694914,831.351187,True,True,2020-04-20,7.84,0.824,
DVL,2020-03-30,2024-01-31,12.2,EQ,154.45916513999998,1881.1795373400003,323.942296,False,True,2021-05-28,3.11,0.453,
AMDIND,2020-03-23,2022-08-19,12.2,EQ,16.195902905,196.93834597500003,21.345451,False,True,,,0.0,mcap < 500 cr; value < 50 L
NELCO,2020-03-24,2024-12-12,12.1,EQ,276.787192,3340.385576,1305.39256,True,True,2020-07-06,6.56,0.755,
KARNIKA,2023-10-23,2025-08-22,12.1,SM,93.80221750000001,1130.4004175,50.5512,False,True,,,0.0,series SM
SPIC,2020-03-25,2025-09-03,12.1,EQ,206.69494104,2499.888764736,738.1488313,True,True,2021-01-14,4.53,0.606,
MIRCELECTR,2020-04-01,2026-05-14,12.1,EQ,87.76199522,1065.1534788279998,293.0312521,False,True,2021-07-07,2.05,0.288,
AILIMITED,2021-12-20,2024-08-22,12.0,ST,5.765653274999999,69.248055,11.034,False,True,,,0.0,series ST; mcap < 500 cr; value < 50 L
HIL,2020-03-23,2021-08-02,12.0,EQ,412.75110676500003,4967.303284785,658.617163,True,True,2020-03-27,9.88,0.921,
XELPMOC,2020-05-27,2021-11-08,12.0,EQ,59.27592503999998,710.0035433099999,42.4696205,False,True,2020-12-30,1.39,0.133,
KRITIKA,2021-06-21,2024-05-07,11.9,BE,55.0312,652.386,114.690907,False,True,,,0.0,series BE
ISFT,2020-03-31,2022-01-11,11.9,EQ,30.862865409999998,367.33439093,187.863391,False,True,,,0.0,mcap < 500 cr
CLOUD,2022-09-27,2023-01-13,11.9,SM,129.21118407000006,1533.9995999100001,507.2475,False,True,,,0.0,series SM; listed < 1y
QUICKHEAL,2020-03-23,2024-10-11,11.9,EQ,364.86908346,4326.72366756,1566.459451,True,True,2020-04-07,8.64,0.872,
CTE,2020-03-16,2024-07-15,11.9,EQ,23.753528149999998,283.53074964499996,21.3468338,False,True,,,0.0,mcap < 500 cr; value < 50 L
IOB,2020-03-23,2024-02-07,11.9,EQ,12664.61621152,150557.71361904,9358.894163500001,True,True,2020-03-23,11.89,1.0,
PRAKASH,2020-03-31,2024-08-27,11.9,EQ,349.20958605,4143.953754460001,1875.7556828,True,True,2020-04-20,7.69,0.825,
ENERGYDEV,2020-03-23,2022-01-03,11.9,EQ,16.15,191.42499999999998,17.801613500000002,False,True,,,0.0,mcap < 500 cr; value < 50 L
NKIND,2020-04-08,2024-12-23,11.9,BE,4.988217,59.137416,0.557447,False,True,,,0.0,series BE; mcap < 500 cr; value < 50 L
SIYSIL,2020-05-19,2024-12-16,11.9,EQ,433.73804127999995,5147.2364836,1068.8596029999999,True,True,2020-06-18,9.04,0.89,
ONELIFECAP,2020-04-03,2026-07-06,11.9,BE,4.4088,52.26431999999999,18.1090493,False,True,,,0.0,series BE; mcap < 500 cr; value < 50 L
PRIZOR,2025-03-28,2026-09-08,11.9,ST,112.524911575,1335.170886655,114.886,False,True,,,0.0,series ST
SILINV,2020-03-27,2024-10-21,11.9,EQ,78.30340540000002,929.3628806,40.5495395,False,True,2024-07-24,1.51,0.167,
CYBERTECH,2020-03-23,2024-09-02,11.8,EQ,75.74211895500001,896.1521343300001,342.2838595,False,True,2020-12-23,1.71,0.217,
SIMBHALS,2020-03-25,2021-07-13,11.8,BE,14.860447200000003,174.8166497,10.69817,False,True,,,0.0,series BE; mcap < 500 cr; value < 50 L
SOMANYCERA,2020-03-25,2022-01-18,11.8,EQ,340.43077712,4005.3178144,212.41014600000003,True,True,2020-04-20,7.88,0.837,
SAKUMA,2020-03-31,2024-08-13,11.8,EQ,77.4046119,914.781777,2613.2236196,False,True,2023-09-26,1.78,0.234,
SITINET,2020-11-09,2022-01-11,11.8,BE,39.24242316,462.18853943999994,56.458440499999995,False,True,,,0.0,series BE; mcap < 500 cr
ALPA,2020-03-25,2024-09-30,11.8,EQ,24.827908,292.885152,150.59825419999999,False,True,,,0.0,mcap < 500 cr
MANORAMA,2023-01-30,2026-09-08,11.8,EQ,1079.2195974,12711.8813745,2644.229359,True,True,2023-08-16,5.83,0.715,
THOMASCOOK,2020-03-25,2024-07-30,11.7,EQ,1051.30055607,12319.266918779998,1771.2449455,True,True,2020-03-25,11.72,1.0,
HCG,2020-04-13,2025-10-29,11.7,EQ,922.725276375,10812.251049809998,1612.512425,True,True,2020-05-15,8.24,0.857,
TREEHOUSE,2020-03-25,2024-02-21,11.7,EQ,12.058556339999999,141.52937178000002,17.1668925,False,True,,,0.0,mcap < 500 cr; value < 50 L
SHRADHA,2020-04-24,2024-12-30,11.7,BE,44.548662400000005,522.4849370799999,22.1245171,False,True,,,0.0,series BE; value < 50 L
SBC,2021-11-23,2026-09-18,11.6,EQ,135.317325,1563.17304,3492.0744018,True,True,2022-11-30,2.99,0.448,
NAGREEKCAP,2020-04-01,2024-12-06,11.6,BE,4.793814,55.41901290000001,2.0755252,False,True,,,0.0,series BE; mcap < 500 cr; value < 50 L
SSWL,2020-05-19,2026-09-24,11.6,EQ,509.6279829375,5902.111913250002,2266.688013,True,True,2020-07-08,8.51,0.874,
OMINFRAL,2021-05-05,2024-08-02,11.5,BE,191.64457991,2194.76380711,332.68637870000003,True,True,2024-02-19,1.58,0.188,
EIDPARRY,2020-03-24,2025-07-30,11.5,EQ,1902.9885755199996,21944.72459942,2465.723634,True,True,2020-03-24,11.53,1.0,
IGPL,2020-03-24,2021-10-07,11.5,EQ,261.756225,3005.11543725,785.3921784999999,True,True,2020-08-28,3.99,0.567,
POCL,2023-03-29,2026-05-15,11.5,EQ,311.25348450000007,3591.5920288000007,2043.565606,True,True,2024-03-11,4.46,0.611,
MAHLIFE,2020-05-06,2024-04-24,11.5,EQ,900.8762509333334,10392.103449700002,2126.9415835,True,True,2020-05-06,11.54,1.0,
PRINCEPIPE,2020-05-22,2021-11-09,11.4,EQ,836.9473680300001,9499.40790768,2387.4341505,True,True,2020-12-29,3.05,0.458,
KHAITANLTD,2021-04-26,2026-09-09,11.4,EQ,6.76875,77.36325000000001,2.8840678000000004,False,True,,,0.0,mcap < 500 cr; value < 50 L
DREDGECORP,2020-03-24,2024-07-16,11.4,BE,352.24,4027.52,1167.131883,True,True,2020-04-13,8.01,0.854,
KANDARP,2022-10-25,2026-02-20,11.4,SM,12.786525,145.317735,16.182,False,True,,,0.0,series SM; mcap < 500 cr; value < 50 L
NAVKARCORP,2020-03-23,2024-12-09,11.4,EQ,219.00540835500001,2490.3398496449995,912.6437978,True,True,2020-12-07,4.7,0.637,
SARLAPOLY,2020-03-24,2024-12-19,11.4,EQ,93.52336,1067.418849,106.9280565,False,True,2021-11-08,2.12,0.308,
IIFL,2020-06-02,2026-08-24,11.4,EQ,2333.6864478,26555.216376599998,10070.2034875,True,True,2020-06-02,11.38,1.0,
ATLANTA,2020-03-26,2022-10-17,11.4,EQ,,,12.220845500000001,False,False,,,0.0,mcap unknown; value < 50 L
KRISHIVAL,2022-03-31,2025-10-21,11.4,EQ,98.32157181000001,1120.9996894800001,53.7854,False,True,2025-10-20,1.03,0.012,
MMTC,2020-03-23,2024-07-25,11.4,EQ,1590.0,18136.5,2439.9740929,True,True,2020-03-23,11.41,1.0,
KPIGREEN,2022-05-10,2024-02-06,11.4,EQ,810.1982447999999,9253.983077325,3755.2168335,True,True,2023-05-03,4.75,0.64,
KARDA,2019-12-19,2021-08-09,11.3,BE,,,260.1966825,False,False,,,0.0,series BE; mcap unknown
CHOICEIN,2022-04-25,2026-01-02,11.3,EQ,1494.4214600000003,16923.01072,3357.618489,True,True,2023-04-17,5.43,0.697,
HIKAL,2020-03-24,2021-09-15,11.3,EQ,777.4112287499999,8758.66877625,2595.3228165,True,True,2020-03-24,11.27,1.0,
GINNIFILA,2020-03-23,2022-01-17,11.3,EQ,46.679285425,529.745652025,60.095457,False,True,2022-01-17,1.0,0.0,
ARTNIRMAN,2019-01-30,2021-12-13,11.3,BE,41.30218,465.67896,4.41,False,True,,,0.0,series BE; mcap < 500 cr; value < 50 L; listed < 1y
MAHSEAMLES,2020-04-21,2023-12-05,11.3,EQ,1263.61294636,14268.240352959998,2522.2451605,True,True,2020-04-21,11.29,1.0,
ASALCBR,2020-03-23,2025-02-03,11.3,EQ,233.492868,2632.693104,597.4247379999999,True,True,2021-02-15,3.96,0.568,
ITI,2020-03-19,2025-01-06,11.3,EQ,4631.475041160001,52305.880470029995,10180.401379199999,True,True,2020-03-19,11.29,1.0,
TRIGYN,2020-03-25,2022-01-10,11.3,EQ,57.56932632,651.7340311199999,198.96525649999998,False,True,2021-07-22,1.26,0.096,
SWSOLAR,2020-03-30,2024-05-18,11.2,EQ,1708.8850993949998,19119.244128405,5812.073125499999,True,True,2020-08-25,3.11,0.47,
ASHIANA,2020-05-18,2024-06-20,11.2,EQ,404.61254942499994,4544.226160685,375.2524525,True,True,2021-01-13,4.42,0.615,
IRFC,2022-06-20,2024-07-12,11.2,EQ,25483.5867,284148.525958,70832.72530800001,True,True,2022-06-20,11.15,1.0,
KAYNES,2022-12-23,2025-01-01,11.2,EQ,4348.026915825001,48562.075552115006,22191.774206500002,True,True,2023-11-24,3.1,0.469,
MAHABANK,2020-03-25,2026-06-29,11.2,EQ,5948.35385676,66458.691602015,12007.3225065,True,True,2020-06-24,8.53,0.888,
IRCON,2020-03-24,2024-07-12,11.2,EQ,2831.8928931400005,31676.5701232,27004.6707375,True,True,2020-03-24,11.19,1.0,
ARCHIDPLY,2020-03-23,2024-08-20,11.2,EQ,25.62585,287.12871,18.5823392,False,True,,,0.0,mcap < 500 cr; value < 50 L
NIITLTD,2020-03-23,2022-04-13,11.2,EQ,788.42854592,8831.34474852,4005.1470065,True,True,2020-03-23,11.2,1.0,
GANGESSECU,2020-04-03,2024-10-21,11.2,EQ,20.007374,224.31267360099991,27.517437400000002,False,True,,,0.0,mcap < 500 cr; value < 50 L
GMRP&UI,2023-03-28,2024-09-25,11.2,EQ,878.23003824,9811.42905264,5578.3885642,True,True,2023-03-28,11.17,1.0,
RHFL,2020-04-07,2025-06-12,11.1,BE,33.918897810000004,376.98432137400005,84.6595526,False,True,,,0.0,series BE; mcap < 500 cr
ATGL,2021-01-18,2023-01-20,11.1,EQ,38740.810173675,431004.57342687005,10126.179877999999,True,True,2022-02-28,2.47,0.375,
MANAV,2020-12-30,2026-05-27,11.1,ST,2.8711199999999995,31.85576,2.896,False,True,,,0.0,series ST; mcap < 500 cr; value < 50 L
MENONBE,2020-03-24,2026-09-04,11.1,BE,162.2358,1801.1256,204.99694350000001,False,True,2022-01-12,3.37,0.505,
UNICHEMLAB,2020-03-24,2024-11-08,11.1,EQ,573.102805,6334.05329875,227.662097,True,True,2020-04-22,6.17,0.758,
KEEPLEARN,2022-04-25,2022-09-13,11.1,BE,10.510565640000001,116.49210251000001,0.174,False,True,,,0.0,series BE; mcap < 500 cr; value < 50 L; listed < 1y
IFBAGRO,2020-03-23,2026-01-08,11.1,EQ,148.42187379499998,1642.2419005200002,535.793728,False,True,2021-06-11,3.24,0.489,
BHARATGEAR,2020-03-26,2022-09-14,11.0,EQ,34.93275695,385.87260754000005,59.199726,False,True,,,0.0,mcap < 500 cr
WEIZMANIND,2020-03-16,2024-06-26,11.0,EQ,22.2026294,245.14874661800002,15.4795125,False,True,,,0.0,mcap < 500 cr; value < 50 L
EVERESTIND,2020-03-23,2024-01-04,11.0,EQ,200.3791776,2209.2987672,233.0773625,False,True,2020-12-28,4.38,0.615,
ORIANA,2023-08-17,2025-10-31,11.0,SM,521.574894,5756.890085999999,1040.98815,False,True,,,0.0,series SM
ALLSEC,2020-03-30,2024-07-01,11.0,EQ,168.91684371,1860.37102971,299.58660449999996,True,True,2021-07-08,2.8,0.429,
RAJSREESUG,2020-03-24,2024-02-06,11.0,EQ,29.490689339999996,323.90054864999996,74.989741,False,True,,,0.0,mcap < 500 cr
TOUCHWOOD,2019-02-12,2023-11-03,11.0,EQ,21.7192402,238.523798625,1.9448120000000002,False,True,,,0.0,mcap < 500 cr; value < 50 L
GEOJITFSL,2020-03-23,2024-09-04,10.9,EQ,375.45470625,4079.303426250001,1184.1395987,True,True,2020-04-27,7.75,0.859,
NITIRAJ,2019-04-22,2025-03-11,10.9,EQ,37.9287,411.62890500000003,15.906358,False,True,,,0.0,mcap < 500 cr; value < 50 L
DCM,2020-03-30,2024-12-13,10.9,EQ,23.907518720000002,261.17096426700004,12.7902736,False,True,,,0.0,mcap < 500 cr; value < 50 L
VIKASECO,2020-04-03,2020-08-17,10.9,EQ,128.8356024,1404.30806616,19.065716000000002,False,True,,,0.0,value < 50 L
PRAENG,2020-03-24,2024-08-27,10.9,EQ,28.673674309999996,311.633884696,62.7454313,False,True,,,0.0,mcap < 500 cr
JKCEMENT,2019-02-12,2025-08-20,10.9,EQ,5329.191271470001,58252.53442890001,7174.162615,True,True,2019-02-12,10.93,1.0,
BAHETI,2023-03-16,2026-08-31,10.9,SM,81.75585904999998,893.5599154,172.1750625,False,True,,,0.0,series SM
UCL,2020-03-31,2026-08-14,10.9,ST,25.577063,278.2442,8.277,False,True,,,0.0,series ST; mcap < 500 cr; value < 50 L
BLISSGVS,2022-03-29,2026-09-08,10.8,BE,698.42711568,7540.716078559999,2253.5916285,False,True,2022-03-29,10.8,1.0,
SONATSOFTW,2020-03-24,2024-02-27,10.8,EQ,2216.75817048,24050.63434424,3697.9226585,True,True,2020-03-24,10.85,1.0,
GRANULES,2019-07-25,2026-09-11,10.7,EQ,2055.28671168,22038.58734588,7334.381567,True,True,2019-07-25,10.72,1.0,
WEL,2023-03-28,2025-02-07,10.7,EQ,248.852856,2655.770544,626.3020586,True,True,2024-07-16,1.62,0.203,
MAWANASUG,2020-03-24,2022-04-22,10.7,EQ,63.17373535999999,676.7217472,848.9347525,True,True,2022-03-08,1.21,0.08,
TOTAL,2020-04-01,2022-10-19,10.7,EQ,29.512360590000004,314.717878095,110.6151315,False,True,,,0.0,mcap < 500 cr
RADAAN,2021-03-25,2024-12-30,10.6,BE,3.7913078,40.187862679999995,1.788605,False,True,,,0.0,series BE; mcap < 500 cr; value < 50 L
CHALET,2020-05-29,2025-09-16,10.6,EQ,2062.16282816,21866.32018784,1932.6125809999999,True,True,2020-06-01,8.84,0.923,
NRBBEARING,2020-03-19,2026-09-23,10.6,EQ,496.243712,5243.997273,1563.99434,True,True,2020-06-11,7.8,0.871,
BLUESTARCO,2020-04-03,2025-01-03,10.6,EQ,4528.6657057,48063.48476894001,6165.338793,True,True,2020-04-03,10.61,1.0,
ABCAPITAL,2020-03-24,2026-08-05,10.6,EQ,10411.25187357,110403.46243958,12394.5935925,True,True,2020-03-24,10.6,1.0,
BALRAMCHIN,2020-03-24,2026-08-20,10.5,EQ,1467.725757375,15476.184583950004,2830.46345,True,True,2020-03-24,10.54,1.0,
PNC,2020-03-31,2024-09-25,10.5,EQ,10.777915,113.652752,31.092276000000002,False,True,,,0.0,mcap < 500 cr; value < 50 L
PALASHSECU,2020-04-01,2024-12-03,10.5,EQ,18.0055836,188.75853474000002,33.0484396,False,True,,,0.0,mcap < 500 cr; value < 50 L
CAREERP,2019-07-30,2024-08-26,10.5,BE,93.05688298499999,980.4174827099996,254.186847,False,True,2024-01-20,1.93,0.28,
OIL,2020-03-16,2024-08-30,10.5,EQ,7628.7905397899995,80354.4248754,40572.6119065,True,True,2020-03-16,10.53,1.0,
SHIVAMILLS,2020-03-24,2022-01-20,10.4,EQ,15.9873448,165.57704128,40.4825705,False,True,,,0.0,mcap < 500 cr; value < 50 L
BASF,2020-02-25,2024-10-15,10.4,EQ,3568.2517334,37033.89501480001,2221.4341955,True,True,2020-02-25,10.38,1.0,
BAGFILMS,2019-10-10,2024-01-08,10.4,BE,27.684684859999997,288.71171353999995,14.463710500000001,False,True,,,0.0,series BE; mcap < 500 cr; value < 50 L
AHLUCONT,2020-04-07,2024-07-08,10.4,EQ,965.2907395999998,10019.3293492,824.4369645,True,True,2021-01-15,5.47,0.726,
MMP,2020-05-26,2026-09-08,10.4,EQ,116.8520198,1215.51503205,150.0265855,True,True,2022-03-24,2.35,0.365,
DWARKESH,2020-03-25,2022-04-07,10.4,EQ,257.9730139,2691.76951365,4286.080867,True,True,2020-08-10,5.2,0.703,
RML,2020-03-30,2024-08-22,10.4,EQ,221.69558921000004,2299.0141641150003,144.35220800000002,True,True,2021-03-04,3.08,0.481,
BHARATFORG,2020-04-07,2026-08-07,10.4,EQ,10173.1116092,105465.13692063998,17018.467542000002,True,True,2020-04-07,10.37,1.0,
CANBK,2020-03-23,2026-02-25,10.4,EQ,13805.531217719998,144159.86047517997,35294.471103,True,True,2020-03-23,10.44,1.0,
ASTERDM,2020-03-24,2026-08-07,10.4,EQ,4173.4316163,43442.6508282,3958.893807,True,True,2020-03-24,10.41,1.0,
JAYBARMARU,2020-03-25,2026-07-14,10.4,EQ,206.54099999999997,2156.1235,1180.3885183,True,True,2020-10-29,4.22,0.614,
LINCOLN,2020-03-23,2024-12-09,10.4,EQ,182.97156527999996,1910.23515936,254.504198,True,True,2020-08-27,3.82,0.571,
GHCL,2020-03-24,2025-01-03,10.4,EQ,694.4307352899999,7250.181868099999,1087.000542,True,True,2020-03-24,10.44,1.0,
SMSLIFE,2020-03-27,2024-09-09,10.4,BE,50.897036645,528.9694099550001,36.9638745,False,True,,,0.0,series BE; value < 50 L
GLOBALVECT,2020-03-23,2024-09-27,10.4,BE,46.55,483.7,32.6030412,False,True,,,0.0,series BE; mcap < 500 cr; value < 50 L
TANKUP,2025-05-07,2026-09-11,10.3,ST,84.45525,873.648525,14.97975,False,True,,,0.0,series ST; value < 50 L
CIGNITITEC,2020-03-31,2024-12-16,10.3,EQ,516.1080880200001,5304.542821620001,1687.173282,True,True,2020-03-31,10.28,1.0,
INSPIRISYS,2020-03-23,2024-08-01,10.3,EQ,71.70654013,735.8041822289999,28.834034900000002,False,True,,,0.0,value < 50 L
JPINFRATEC,2020-03-25,2022-01-12,10.3,EQ,,,49.912395,False,False,,,0.0,mcap unknown; value < 50 L
APOLLOPIPE,2020-03-23,2024-02-09,10.3,EQ,297.71451942,3066.02693976,398.92678049999995,True,True,2020-11-10,3.79,0.572,
VAISHALI,2019-12-19,2024-10-15,10.3,EQ,25.642835459999997,263.84570369999994,406.6289532,False,True,,,0.0,mcap < 500 cr
SOUTHBANK,2020-05-26,2026-09-24,10.2,EQ,1025.4430988200002,10442.77767982,4209.8422741,True,True,2020-05-26,10.18,1.0,
TECHNOE,2020-05-19,2024-10-14,10.2,EQ,1873.1090256950004,19163.180618235,1899.4872165000002,True,True,2020-10-12,9.48,0.967,
WONDERLA,2020-05-19,2024-04-08,10.2,EQ,599.6771814,6110.201318595,570.0029804999999,True,True,2020-05-19,10.19,1.0,
KICL,2020-03-24,2024-10-22,10.2,EQ,352.14923502,3580.9478179199996,73.764288,True,True,2023-09-04,3.24,0.507,
RCF,2020-03-24,2024-07-22,10.2,EQ,1266.1241895,12966.325414299998,11898.8453056,True,True,2020-03-24,10.24,1.0,
ADORWELD,2020-03-23,2024-02-01,10.2,EQ,219.81921905500002,2246.534740735,314.2480895,True,True,2021-04-30,4.33,0.63,
TGBHOTELS,2020-03-27,2023-12-07,10.2,BE,5.85728,59.451392,13.543138999999998,False,True,,,0.0,series BE; mcap < 500 cr; value < 50 L
PREMIER,2020-05-15,2021-12-20,10.2,BE,3.79657125,38.5731639,0.906463,False,True,,,0.0,series BE; mcap < 500 cr; value < 50 L
SHILPAMED,2019-08-29,2026-09-21,10.2,EQ,1822.839858,18589.49447568,7036.813346,True,True,2019-08-29,10.2,1.0,
GEECEE,2020-03-31,2024-12-03,10.2,EQ,92.325283535,945.0010335100001,66.490818,False,True,2024-01-11,1.86,0.267,
ASIANENE,2023-02-28,2026-09-08,10.1,EQ,213.62662147499998,2159.8724441549994,1251.5147735,True,True,2023-09-11,3.58,0.551,
ESCORTS,2019-08-22,2024-09-25,10.1,EQ,4780.707262165,48339.67423967,8062.7211275,True,True,2019-08-22,10.11,1.0,
SAIL,2020-03-30,2026-05-27,10.1,EQ,8426.271589560001,85113.604105134,40367.3521044,True,True,2020-03-30,10.1,1.0,
GSFC,2020-03-23,2024-01-20,10.1,EQ,1253.21183185,12675.570229300001,10579.508442999999,True,True,2020-03-23,10.11,1.0,
MODISONLTD,2023-03-29,2026-09-02,10.1,EQ,166.79299999999998,1689.5092499999998,264.8409525,False,True,2024-01-31,3.28,0.513,
VSTTILLERS,2020-04-03,2025-12-31,10.1,EQ,535.52114308,5410.50441,1010.34094,True,True,2020-04-03,10.1,1.0,
ISHAN,2023-03-29,2024-02-09,10.1,ST,12.469568389999997,126.49764464999997,44.4784,False,True,,,0.0,series ST; mcap < 500 cr; value < 50 L
WENDT,2020-03-25,2024-12-11,10.1,EQ,340.67,3451.9,45.2802445,True,True,2021-07-08,4.14,0.613,
BVCL,2020-03-31,2024-02-08,10.1,BE,16.7308,169.3024,15.017211999999999,False,True,,,0.0,series BE; mcap < 500 cr; value < 50 L
NEOGEN,2019-05-16,2026-09-18,10.1,EQ,647.01055485,6564.81575816,2641.836154,True,True,2020-06-24,5.11,0.704,
SETUINFRA,2020-03-24,2022-01-21,10.1,BE,4.435703294117648,44.91149585294118,2.049456,False,True,,,0.0,series BE; mcap < 500 cr; value < 50 L
DBSTOCKBRO,2020-03-06,2024-05-03,10.1,EQ,23.275,235.375,11.113488,False,True,,,0.0,mcap < 500 cr; value < 50 L
HSIL,2020-03-24,2022-04-19,10.1,EQ,,,520.0488445000001,False,False,,,0.0,mcap unknown
RAMRAT,2022-07-29,2026-08-28,10.0,EQ,519.31,5208.72,715.2036254999999,True,True,2023-08-04,3.84,0.584,
GENUSPAPER,2020-03-23,2024-09-18,10.0,EQ,74.5665226,743.0939665999999,319.11001219999997,False,True,2022-04-05,1.46,0.163,
ORIENTCEM,2020-05-11,2025-04-21,10.0,EQ,736.5031922000001,7377.324047600002,1611.1486805000002,True,True,2020-05-11,10.02,1.0,
FEDERALBNK,2020-05-22,2026-08-03,10.0,EQ,9091.75117806,90479.35509731999,21094.169652,True,True,2020-05-22,9.95,1.0,
TATACOMM,2020-03-19,2024-10-01,10.0,EQ,6157.425,61524.375,7329.695513,True,True,2020-03-19,9.99,1.0,
SALONA,2020-03-26,2024-02-09,10.0,EQ,18.076344,180.34244800000002,10.302634,False,True,,,0.0,mcap < 500 cr; value < 50 L
DEEPENR,2021-04-22,2024-09-05,10.0,BE,106.24000000000001,1067.168,84.64350470000001,False,True,2024-01-17,1.73,0.237,
RUSHIL,2020-03-24,2022-09-15,9.9,EQ,175.70593484,1734.3662102900005,316.9794435,False,True,2021-01-07,3.42,0.537,
4THDIM,2022-09-08,2023-03-15,9.9,BE,,,107.41121050000001,False,False,,,0.0,series BE; mcap unknown; listed < 1y
MICEL,2022-11-04,2024-09-18,9.9,BE,243.5909773,2421.0728680190005,486.0699325,False,True,2024-01-31,3.0,0.478,
VEEKAYEM,2022-12-15,2024-10-03,9.9,SM,19.389909,192.84145859999998,6.98675,False,True,,,0.0,series SM; mcap < 500 cr; value < 50 L
APCOTEXIND,2020-03-23,2026-07-29,9.9,EQ,356.95254959999994,3533.7524736,482.8500575,True,True,2020-04-24,6.04,0.785,
SBCL,2021-07-01,2026-09-23,9.9,EQ,669.648825,6659.04552,2902.735263,True,True,2022-06-28,2.8,0.448,
KTKBANK,2020-05-26,2026-09-23,9.9,EQ,1201.481553195,11895.187498515003,6707.18545,True,True,2020-05-26,9.9,1.0,
CGCL,2020-04-27,2024-03-05,9.8,EQ,2428.417042575,23861.3886901,1248.056609,True,True,2020-04-27,9.83,1.0,
LFIC,2020-03-24,2024-10-01,9.8,EQ,11.025,108.405,26.263618700000002,False,True,,,0.0,mcap < 500 cr; value < 50 L
SHUBHLAXMI,2021-08-12,2023-05-23,9.8,SM,10.16862,99.2651,7.078,False,True,,,0.0,series SM; mcap < 500 cr; value < 50 L
GESHIP,2020-03-23,2026-05-21,9.8,EQ,2511.988197795,24550.24100556,7741.172906,True,True,2020-03-23,9.77,1.0,
MAHSCOOTER,2020-05-29,2025-09-17,9.8,EQ,2103.88508312,20591.9938224,1356.04791,True,True,2020-05-29,9.79,1.0,
NUCLEUS,2020-03-30,2024-01-19,9.8,BE,476.69903381999995,4648.25064626,287.21159600000004,True,True,2020-06-05,6.97,0.852,
IDFC,2020-05-22,2023-09-27,9.8,EQ,2143.97914424,20911.79657852,10745.934398,True,True,2020-05-22,9.75,1.0,
NFL,2020-03-24,2024-07-22,9.7,EQ,807.001468,7845.8203512,8458.372419500001,True,True,2020-03-24,9.72,1.0,
LASA,2019-07-31,2021-01-12,9.7,EQ,48.848708025,475.21025191499996,124.3581225,False,True,,,0.0,mcap < 500 cr
CINELINE,2020-04-03,2022-04-28,9.7,EQ,56.994386670000004,550.9457378100001,91.7975605,False,True,2022-04-21,1.1,0.042,
CAMLINFINE,2020-03-25,2025-06-27,9.7,BE,563.485425555,5484.647293671,2474.2904769,True,True,2020-03-25,9.73,1.0,
FOCE,2022-03-25,2026-01-05,9.7,SM,100.794255,977.606415,15.544,False,True,,,0.0,series SM; value < 50 L
FINCABLES,2020-03-24,2024-07-05,9.7,EQ,2632.08612745,25487.341844250004,2831.5933675,True,True,2020-03-24,9.68,1.0,
FORTIS,2020-05-27,2025-10-21,9.7,EQ,8568.774979799999,82886.85506892,16646.912031,True,True,2020-05-27,9.67,1.0,
IFBIND,2020-03-25,2024-10-21,9.7,EQ,971.84332206,9440.069092080003,853.4845075,True,True,2020-03-25,9.71,1.0,
DPEL,2024-10-07,2026-09-18,9.6,SM,145.7614732,1392.1401379999998,211.286,False,True,,,0.0,series SM
MAJESCO,2020-12-23,2021-03-02,9.6,BE,,,140.247421,False,False,,,0.0,series BE; mcap unknown
INGERRAND,2019-02-18,2024-05-18,9.6,EQ,1613.75616,15543.45184,572.2045605,True,True,2019-02-18,9.63,1.0,
GOLDENTOBC,2020-03-24,2021-10-06,9.6,EQ,22.48869998754765,215.12216961772552,51.6413235,False,True,,,0.0,mcap < 500 cr
CARBORUNIV,2020-03-24,2024-06-19,9.6,EQ,3573.6721872200005,34222.11579232,2212.7574305000003,True,True,2020-03-24,9.58,1.0,
MOTILALOFS,2020-03-24,2025-10-28,9.6,EQ,6777.452008079999,64836.58449632001,6840.250572999999,True,True,2020-03-24,9.57,1.0,
ARENTERP,2020-05-20,2024-12-09,9.6,EQ,2.766387,26.485824299999997,1.1695119,False,True,,,0.0,mcap < 500 cr; value < 50 L
POLYPLEX,2020-03-25,2022-04-11,9.6,EQ,914.61938037,8805.89951562,2722.0961380000003,True,True,2020-03-25,9.63,1.0,
MDL,2019-09-30,2024-12-16,9.6,SM,23.856196,230.04189,9.97,False,True,,,0.0,series SM; mcap < 500 cr; value < 50 L
SANGHIIND,2020-05-14,2024-01-15,9.6,EQ,406.86345,3922.68031,554.8659525,True,True,2020-06-17,6.33,0.814,
RNAVAL,2019-09-09,2019-12-03,9.6,BE,,,8.73502,False,False,,,0.0,series BE; mcap unknown; value < 50 L
NAGREEKEXP,2020-03-23,2024-01-29,9.5,BE,26.249369999999995,250.15024625,14.7563025,False,True,,,0.0,series BE; mcap < 500 cr; value < 50 L
AARVI,2020-04-01,2022-11-29,9.5,EQ,29.78976,282.67008,40.5894275,False,True,,,0.0,mcap < 500 cr; value < 50 L
JKPAPER,2020-03-23,2024-07-02,9.5,EQ,1134.1486930800002,10735.873551,3236.43332,True,True,2020-03-23,9.47,1.0,
BAJAJHLDNG,2020-03-24,2025-08-18,9.5,EQ,16982.83315845,161631.564573,6358.01266,True,True,2020-03-24,9.52,1.0,
ARHAM,2023-03-28,2026-08-28,9.5,SM,38.493,364.4568,35.315,False,True,,,0.0,series SM; mcap < 500 cr; value < 50 L
HECPROJECT,2021-09-07,2025-06-25,9.5,BE,19.455129040000003,185.58915696,9.9017516,False,True,,,0.0,series BE; mcap < 500 cr; value < 50 L
CREATIVEYE,2019-10-22,2025-06-12,9.5,BE,2.40699,22.7460555,1.2523963,False,True,,,0.0,series BE; mcap < 500 cr; value < 50 L
MINDPOOL,2020-03-18,2023-01-10,9.5,SM,5.085,48.4558125,1.8,False,True,,,0.0,series SM; mcap < 500 cr; value < 50 L; listed < 1y
SIDDHIKA,2021-05-31,2026-05-13,9.5,SM,16.0808475,153.2392,4.4,False,True,,,0.0,series SM; mcap < 500 cr; value < 50 L
CHOLAHLDNG,2020-05-21,2025-06-30,9.5,EQ,4287.898344769999,40672.5982692,4478.916863,True,True,2020-05-21,9.49,1.0,
JSWSTEEL,2020-04-03,2026-08-26,9.5,EQ,34407.537301619996,327935.3768405999,17973.163597,True,True,2020-04-03,9.53,1.0,
GAEL,2020-03-24,2024-02-26,9.4,EQ,1001.6220537749998,9444.0288894,1800.4360769999998,True,True,2020-03-24,9.43,1.0,
CARTRADE,2023-03-28,2025-11-17,9.4,EQ,1629.93992343,15310.8469956,8403.800193,True,True,2023-03-28,9.39,1.0,
SUBROS,2020-03-24,2025-09-29,9.4,EQ,825.884595,7790.453265,855.9206815000001,True,True,2020-03-24,9.43,1.0,
NLCINDIA,2020-03-23,2026-05-14,9.4,EQ,5449.481873369999,51430.351827809995,5770.017197,True,True,2020-03-23,9.44,1.0,
MTARTECH,2021-05-14,2026-06-19,9.4,EQ,2754.52137405,25759.61948295,68280.561888,False,True,2022-03-21,4.24,0.646,
RSWM,2020-03-24,2022-05-04,9.4,EQ,276.48688508000004,2593.1832126199997,388.05113200000005,True,True,2021-05-28,2.32,0.375,
TCI,2020-03-23,2024-12-09,9.4,EQ,1051.275969875,9842.459616,346.58596600000004,True,True,2020-06-04,7.9,0.924,
HOACFOODS,2024-11-29,2026-09-04,9.4,ST,41.3913717,388.14499395,20.6930625,False,True,,,0.0,series ST; mcap < 500 cr; value < 50 L
LUMAXIND,2020-03-25,2026-02-11,9.3,EQ,676.4953648400001,6265.7847596,746.612136,True,True,2020-08-05,4.54,0.68,
RKDL,2020-03-30,2024-08-02,9.3,BE,9.96,92.52,10.494838,False,True,,,0.0,series BE; mcap < 500 cr; value < 50 L
BALLARPUR,2020-03-18,2020-08-06,9.3,BE,,,11.47516,False,False,,,0.0,series BE; mcap unknown; value < 50 L
PATELENG,2020-03-23,2024-02-06,9.3,EQ,638.2342131,5906.567535779999,3170.5651235,True,True,2021-01-05,5.21,0.742,
AVADHSUGAR,2020-03-24,2022-04-21,9.3,EQ,186.171306,1730.3922248,1445.8435905000001,True,True,2021-04-28,3.44,0.554,
GKWLIMITED,2020-08-04,2024-08-22,9.3,EQ,254.05357,2350.5325075,28.306704,False,True,,,0.0,value < 50 L
WEWIN,2021-02-17,2023-07-28,9.3,BE,11.905304999999998,111.212145,7.3414885,False,True,,,0.0,series BE; mcap < 500 cr; value < 50 L
CRAFTSMAN,2021-04-22,2026-09-10,9.3,EQ,2690.05655652,25039.1613661,4292.3148,True,True,2022-03-31,5.03,0.724,
NOIDATOLL,2020-03-30,2024-12-12,9.3,BE,45.61777549000001,425.08318956599993,15.2954024,False,True,,,0.0,series BE; mcap < 500 cr; value < 50 L
RICOAUTO,2020-03-24,2026-08-05,9.3,EQ,227.2788,2107.875585,2422.0241497,True,True,2021-01-05,4.0,0.622,
SUPERSPIN,2020-03-27,2022-01-20,9.3,EQ,11.55,106.975,14.852211,False,True,,,0.0,mcap < 500 cr; value < 50 L
JAICORPLTD,2020-03-24,2024-01-11,9.3,EQ,796.77661565,7386.0210799,4223.293133,True,True,2020-03-24,9.27,1.0,
3IINFOTECH,2020-03-23,2021-06-21,9.2,BE,,,1231.9706395,False,False,,,0.0,series BE; mcap unknown
GOKUL,2019-04-10,2024-11-07,9.2,EQ,73.2563,675.2448949999999,91.86064470000001,False,True,2023-12-29,1.26,0.106,
TIMKEN,2019-02-18,2024-06-18,9.2,EQ,3832.77059097,35447.956678509996,3939.2024535,True,True,2019-02-18,9.25,1.0,
MANGALAM,2020-03-19,2021-07-27,9.2,EQ,32.92275584,302.00297184000004,264.6348435,False,True,,,0.0,mcap < 500 cr
GNFC,2020-03-24,2022-04-05,9.2,EQ,1440.0186934,13266.539564655,16494.9958945,True,True,2020-03-24,9.21,1.0,
AHIMSA,2023-02-24,2025-01-06,9.2,ST,4.35182205,40.04223685,2.004,False,True,,,0.0,series ST; mcap < 500 cr; value < 50 L; listed < 1y
ARMANFIN,2020-05-27,2023-12-21,9.2,EQ,278.71392696,2577.7622631949994,262.86652399999997,True,True,2020-07-08,5.0,0.723,
KANORICHEM,2020-03-25,2021-09-22,9.2,EQ,101.15006589500001,931.9787928900001,78.443023,False,True,2021-05-25,1.55,0.196,
AARTIDRUGS,2019-09-12,2020-10-08,9.2,EQ,1006.4584125,9302.442975000002,5636.831707,True,True,2020-01-17,6.46,0.839,
ESSENTIA,2022-03-07,2024-01-17,9.1,BE,77.69561051,703.8308246199999,1123.540821,False,True,2024-01-04,1.32,0.127,
SEAMECLTD,2020-03-24,2026-09-04,9.1,EQ,499.474125,4560.228,741.5466040000001,True,True,2020-07-29,4.22,0.651,
HNDFDS,2019-08-23,2022-12-02,9.1,EQ,889.42708141,8128.184235550001,202.95945949999998,True,True,2020-08-26,4.78,0.707,
SICAGEN,2020-03-24,2026-08-07,9.1,EQ,32.250922460000005,293.067891704,5.0010959999999995,False,True,,,0.0,mcap < 500 cr; value < 50 L
PSUBNKBEES,2020-05-26,2026-02-26,9.1,EQ,,,3607.4742988,False,False,,,0.0,mcap unknown
ADANIPORTS,2020-03-23,2026-07-02,9.1,EQ,44887.687277100005,406797.3661224001,45467.191328,True,True,2020-03-23,9.06,1.0,
ABMINTLTD,2020-07-10,2021-07-23,9.1,EQ,,,2.0999265,False,False,,,0.0,mcap unknown; value < 50 L
GTPL,2020-03-23,2021-10-12,9.1,EQ,380.68738363,3452.6152666,320.769547,False,True,2020-08-10,2.91,0.484,
RTNINFRA,2019-08-23,2020-08-25,9.1,EQ,,,7.002595,False,False,,,0.0,mcap unknown; value < 50 L
RUBYMILLS,2020-03-24,2026-09-24,9.1,EQ,181.1612,1653.9424,55.535740999999994,True,True,2021-07-28,3.26,0.535,
KOTARISUG,2020-03-24,2024-02-07,9.0,EQ,62.99532079999999,565.7145585,115.28862199999999,False,True,2023-08-18,1.12,0.051,
TAINWALCHM,2020-05-20,2024-12-06,9.0,EQ,32.7735205,296.08534806,42.8674585,False,True,,,0.0,mcap < 500 cr; value < 50 L
IVP,2020-03-13,2024-01-08,9.0,EQ,31.753258725,286.65706088,101.7647865,False,True,,,0.0,mcap < 500 cr
CENTURYPLY,2020-05-29,2024-09-23,9.0,EQ,2259.4993083,20362.1545335,980.3231775,True,True,2020-05-29,9.01,1.0,
CEBBCO,2020-03-26,2022-05-23,9.0,EQ,,,104.3185705,False,False,,,0.0,mcap unknown
MMFL,2020-05-22,2024-07-15,9.0,EQ,368.1472,3303.4270720000004,1019.032287,True,True,2020-09-30,4.26,0.66,
EIHOTEL,2020-05-20,2024-05-07,8.9,EQ,3439.503001,30774.17139622,3555.09234,True,True,2020-05-20,8.95,1.0,
BIKEWO,2025-10-03,2026-09-22,8.9,ST,18.6518475,166.75795125,61.463,False,True,,,0.0,series ST; mcap < 500 cr
SUNDRMBRAK,2020-03-25,2024-12-24,8.9,EQ,59.4120825,526.48548075,10.3530285,False,True,,,0.0,value < 50 L
HCL-INSYS,2020-03-25,2022-01-17,8.9,EQ,110.28532588,982.6916350800001,180.04704399999997,False,True,2021-06-17,1.65,0.229,
A2ZINFRA,2020-03-23,2025-01-02,8.9,BE,52.8359574,468.831061996,64.03403589999999,False,True,,,0.0,series BE; mcap < 500 cr
UNIONBANK,2020-05-22,2026-02-27,8.9,EQ,16937.444175845,149931.590085259,23130.0046635,True,True,2020-05-22,8.85,1.0,
HINDOILEXP,2020-03-24,2024-08-02,8.9,EQ,425.3261745,3780.971094,4496.3394888,True,True,2020-04-09,7.42,0.918,
BEARDSELL,2020-04-21,2024-01-31,8.9,BE,24.84531,221.24157,21.8496695,False,True,,,0.0,series BE; mcap < 500 cr; value < 50 L
ICDSLTD,2021-07-06,2021-09-13,8.9,BE,22.4710575,200.02497850000003,3.4003609999999997,False,True,,,0.0,series BE; mcap < 500 cr; value < 50 L; listed < 1y
ASIANHOTNR,2020-05-27,2026-09-08,8.9,EQ,88.220393515,789.3147666749999,51.336832,True,True,2026-02-23,1.34,0.133,
PHOENIXLTD,2020-05-18,2026-07-13,8.9,EQ,8654.502906279999,76968.6179196,8324.472005,True,True,2020-05-18,8.89,1.0,
BANKBARODA,2020-05-19,2026-02-26,8.9,EQ,18875.471953350003,167784.84589765503,24021.052062,True,True,2020-05-19,8.89,1.0,
GOACARBON,2020-03-25,2024-04-05,8.9,EQ,101.07336934000001,898.5875511400002,864.9469720000001,False,True,2022-04-11,1.75,0.256,
SCHAND,2020-03-27,2024-01-03,8.9,EQ,125.54995613499999,1119.384391515,115.64457300000001,False,True,2021-07-19,2.24,0.368,
MODIRUBBER,2020-03-12,2021-03-08,8.9,BE,57.84362892000001,515.33414856,1.4262945,False,True,,,0.0,series BE; value < 50 L
NIRMAN,2023-04-18,2024-08-14,8.8,ST,31.085572,275.001508,74.6838,False,True,,,0.0,series ST; mcap < 500 cr
SAMBHAAV,2020-03-31,2025-11-20,8.8,EQ,23.888855,210.60414567999996,7.1316291000000005,False,True,,,0.0,mcap < 500 cr; value < 50 L
RIIL,2020-03-24,2024-02-23,8.8,EQ,260.173,2291.0475,8259.1763975,True,True,2020-06-19,4.05,0.643,
ADL,2020-11-14,2024-09-12,8.8,EQ,9.2956375,81.601225,8.3228815,False,True,,,0.0,mcap < 500 cr; value < 50 L
CMMIPL,2020-10-16,2021-06-01,8.8,SM,3.6048498,31.8950841,0.609,False,True,,,0.0,series SM; mcap < 500 cr; value < 50 L
GILLANDERS,2020-03-25,2024-01-20,8.8,EQ,37.34910549999999,327.28487591,70.0451405,False,True,,,0.0,mcap < 500 cr
ALLCARGO,2020-03-24,2022-11-16,8.8,EQ,1325.52735198,11703.706285740001,3459.0141485000004,True,True,2020-03-24,8.83,1.0,
MAZDA,2020-04-13,2025-01-16,8.8,EQ,93.59685,821.004975,58.110144000000005,False,True,2023-10-19,1.5,0.187,
ESABINDIA,2019-02-19,2026-05-06,8.8,EQ,1256.070432,11006.778951,143.64361,True,True,2020-02-18,4.45,0.688,
KMSUGAR,2020-03-16,2024-06-19,8.8,BE,50.60009349999999,443.99282042,176.63893850000002,False,True,,,0.0,series BE; mcap < 500 cr
PAVNAIND,2021-03-15,2024-10-11,8.8,EQ,100.55250400000001,880.0628,46.493393499999996,False,True,2024-06-28,1.34,0.136,
HEG,2020-03-24,2026-08-18,8.8,EQ,1617.7306339899997,14265.86390525,5764.074643,False,True,2020-03-24,8.82,1.0,
RILINFRA,2022-06-10,2022-10-25,8.8,SM,257.772275,2272.507725,120.3815,False,True,,,0.0,series SM; listed < 1y
DONEAR,2020-03-30,2024-12-17,8.8,EQ,104.52000000000001,920.556,26.2113944,False,True,2023-01-06,1.67,0.236,
RCOM,2019-11-18,2021-06-23,8.8,EQ,152.10431775,1341.28352925,207.78747,False,True,2020-12-07,2.62,0.443,
SHREEPUSHK,2020-03-24,2026-09-07,8.7,EQ,187.6995978,1628.4165611999997,144.317496,True,True,2021-04-07,3.14,0.53,
ALICON,2020-03-23,2024-09-03,8.7,EQ,280.1848976,2438.2853064,352.45901399999997,True,True,2021-07-09,2.26,0.376,
VISAKAIND,2020-03-24,2024-02-09,8.7,EQ,171.85906764,1496.0984194,500.32777899999996,True,True,2020-08-03,2.96,0.502,
LAXMIMACH,2020-03-24,2024-09-30,8.7,EQ,2274.62436,19679.47479,701.8429140000001,True,True,2020-03-24,8.65,1.0,
ANSALAPI,2020-03-30,2022-10-27,8.7,BE,43.39269554594595,379.3761382016989,25.408336000000002,False,True,,,0.0,series BE; mcap < 500 cr; value < 50 L
PFS,2020-03-24,2024-01-29,8.7,EQ,465.655417875,4030.327927125,1580.051985,True,True,2020-03-25,7.75,0.949,
TATASTEEL,2020-04-03,2026-05-14,8.7,EQ,31423.958304987493,273843.54285642895,57703.387223800004,True,True,2020-04-03,8.71,1.0,
IITL,2020-11-03,2024-12-02,8.7,BE,106.954995,932.14552275,26.645049,False,True,,,0.0,series BE; value < 50 L
SANGINITA,2025-03-27,2026-09-23,8.6,BE,15.1783083,130.1811903,31.3959492,False,True,,,0.0,series BE; mcap < 500 cr; value < 50 L
INDIAMART,2019-08-14,2021-02-05,8.6,EQ,3396.6191512399996,29332.502433659996,6509.217124,True,True,2020-07-13,4.45,0.692,
MERCATOR,2020-03-25,2022-01-12,8.6,BE,,,12.293624,False,False,,,0.0,series BE; mcap unknown; value < 50 L
SYNCOM,2020-03-20,2020-07-03,8.6,BE,,,0.6119680000000001,False,False,,,0.0,series BE; mcap unknown; value < 50 L
IRIS,2023-03-28,2025-01-14,8.6,BE,130.01020283,1113.266815,41.572587,False,True,,,0.0,series BE; value < 50 L
BANG,2020-03-26,2024-12-06,8.6,EQ,14.916,128.142,11.845966599999999,False,True,,,0.0,mcap < 500 cr; value < 50 L
LOTUSEYE,2019-08-06,2026-01-29,8.6,EQ,34.3139445,294.01851354,18.5679626,False,True,,,0.0,mcap < 500 cr; value < 50 L
WELSPUNIND,2020-03-27,2021-09-30,8.6,EQ,,,3570.704408,False,False,,,0.0,mcap unknown
20MICRONS,2020-09-23,2024-08-23,8.5,EQ,,,823.943709,False,False,,,0.0,mcap unknown
ZEEMEDIA,2020-03-24,2024-10-01,8.5,EQ,184.5014606,1569.8259868,951.8321695000001,False,True,2021-05-07,3.02,0.517,
NETWORK18,2020-03-24,2024-01-11,8.5,EQ,1617.535461855,13709.790856304999,4108.5870145,True,True,2020-03-24,8.48,1.0,
OBSCP,2024-10-29,2026-09-09,8.5,SM,282.42522,2411.61795,314.3908,False,True,,,0.0,series SM
ICSA,2019-07-03,2019-08-19,8.5,BE,,,0.028346999999999997,False,False,,,0.0,series BE; mcap unknown; value < 50 L
SIEMENS,2019-02-18,2024-10-16,8.5,EQ,33621.31327455,284408.31925065006,23589.567283,True,True,2019-02-18,8.46,1.0,
TORNTPOWER,2019-02-22,2024-10-18,8.5,EQ,11183.952563679999,94856.93157416,10848.934905999999,True,True,2019-02-22,8.48,1.0,
BECTORFOOD,2022-06-20,2024-09-20,8.5,EQ,1456.61474361,12444.012974179997,2607.1558335,True,True,2022-06-20,8.54,1.0,
RELIABLE,2020-04-27,2026-01-07,8.5,BE,20.5884,174.27384,61.5965272,False,True,,,0.0,series BE; mcap < 500 cr
MANGLMCEM,2020-03-23,2026-09-03,8.5,EQ,355.81503612,3019.75326636,361.7754845,True,True,2020-06-01,6.04,0.841,
KUANTUM,2020-03-25,2023-08-24,8.4,EQ,230.419615015,1932.0167682,580.0115375,True,True,2021-07-28,2.37,0.407,
MONQ50,2022-05-12,2026-09-18,8.4,EQ,,,43.9665833,False,False,,,0.0,mcap unknown; value < 50 L
ASHOKA,2020-04-03,2024-12-30,8.4,EQ,1052.71206375,8791.970433223,5487.8959774,True,True,2020-04-03,8.35,1.0,
GRASIM,2020-03-24,2026-08-10,8.4,EQ,26344.536127910003,222588.61379755006,19638.130598,True,True,2020-03-24,8.45,1.0,
JMA,2020-03-24,2024-02-23,8.4,EQ,36.431481129999995,306.41273941000003,74.232536,False,True,,,0.0,mcap < 500 cr
PDSMFL,2019-05-23,2022-02-03,8.4,EQ,,,110.43605099999999,False,False,,,0.0,mcap unknown
GSMFOILS,2024-05-31,2026-07-21,8.4,SM,43.047140639999995,361.86502600499995,101.183,False,True,,,0.0,series SM; mcap < 500 cr
IRCTC,2019-10-16,2021-10-18,8.4,EQ,11210.4,94043.2,76682.3973135,True,True,2020-10-14,4.39,0.696,
MRO-TEK,2019-10-07,2024-09-19,8.4,BE,28.213749019999998,235.762308036,17.0847045,False,True,,,0.0,series BE; mcap < 500 cr; value < 50 L
IVC,2020-03-31,2024-07-25,8.4,EQ,59.6662206,500.25415482,84.5008285,False,True,2024-07-25,1.0,0.0,
SUPPETRO,2020-03-17,2022-03-28,8.4,EQ,,,351.16696549999995,False,False,,,0.0,mcap unknown
APTECHT,2020-03-25,2023-05-30,8.4,EQ,395.38607308,3328.727211,636.5749435,True,True,2020-04-20,6.38,0.869,
THERMAX,2020-03-23,2024-07-08,8.4,EQ,8075.8182325,67519.3216135,8614.8756965,True,True,2020-03-23,8.36,1.0,
DHAMPURSUG,2020-03-25,2022-04-22,8.4,EQ,450.43979815,3782.1010023,3384.5317364999996,True,True,2020-03-30,7.26,0.932,
DATAPATTNS,2022-02-24,2026-09-08,8.4,EQ,3277.021625415,27612.97302987,34712.591956,True,True,2022-12-28,4.64,0.72,
SRF,2019-02-01,2025-07-08,8.4,EQ,11658.091942425002,97420.01873625,17914.149912,True,True,2019-02-01,8.36,1.0,
CONFIPET,2020-03-23,2024-02-19,8.4,EQ,387.45301528,3264.8614375799993,1607.244076,True,True,2020-08-21,5.59,0.807,
ZUARIGLOB,2020-03-24,2022-04-04,8.4,EQ,,,208.3107205,False,False,,,0.0,mcap unknown
PRSMJOHNSN,2020-03-24,2024-09-11,8.4,EQ,1386.7473779,11708.57740738,630.3205524,True,True,2020-03-24,8.44,1.0,
MUTHOOTFIN,2019-02-06,2026-01-29,8.4,EQ,19468.707698295002,164264.58663597,14834.829251,True,True,2019-02-06,8.44,1.0,
SHIL,2020-04-03,2021-11-09,8.4,BE,,,208.7852635,False,False,,,0.0,series BE; mcap unknown
OAL,2020-03-25,2021-09-14,8.4,EQ,421.34277152000004,3522.18326416,165.610787,True,True,2020-08-10,2.97,0.512,
APOLSINHOT,2020-03-23,2024-01-11,8.4,EQ,78.649098,658.87635,27.956786,False,True,,,0.0,value < 50 L
VAIBHAVGBL,2019-02-14,2021-05-07,8.3,EQ,1978.620486864,16494.57209148,1677.8931915,True,True,2019-05-30,6.81,0.905,
MURUDCERA,2020-03-23,2024-08-20,8.3,EQ,48.1755421,397.57803666,58.1212562,False,True,,,0.0,mcap < 500 cr
ZUARI,2020-03-23,2025-08-25,8.3,EQ,194.30798772,1613.34511016,526.8666868,True,True,2021-06-10,3.0,0.52,
APOLLOHOSP,2020-04-01,2026-09-23,8.3,EQ,15655.992377445002,130398.30543330002,24431.62013,True,True,2020-04-01,8.33,1.0,
DHARSUGAR,2020-11-10,2021-07-05,8.3,EQ,,,5.8613505,False,False,,,0.0,mcap unknown; value < 50 L
BCLIND,2021-03-19,2024-02-15,8.3,EQ,259.2462,2142.7755,976.9217715000001,True,True,2022-03-29,1.77,0.271,
HGS,2020-03-23,2022-01-04,8.3,EQ,2042.70571435,16908.262786099996,408.6533325,True,True,2020-07-15,5.2,0.78,
KHAICHEM,2020-11-10,2022-04-12,8.3,EQ,177.00529,1464.5369199999998,314.1511645,False,True,2021-11-04,2.24,0.381,
LIBERTSHOE,2020-03-23,2024-10-17,8.3,BE,116.2128,970.3428000000002,111.978652,False,True,2022-09-30,1.87,0.294,
SJVN,2020-03-23,2024-07-15,8.3,EQ,7250.472097875,60432.39020115,25152.124799,True,True,2020-03-23,8.33,1.0,
MAHINDCIE,2020-03-24,2023-06-08,8.3,EQ,,,3978.4588255000003,False,False,,,0.0,mcap unknown
DIVINEHIRA,2025-05-19,2026-07-06,8.3,ST,57.40724,477.3281535,24.5696,False,True,,,0.0,series ST; mcap < 500 cr; value < 50 L
RANEHOLDIN,2020-03-24,2024-09-09,8.3,EQ,420.6956421849999,3492.3520813999994,455.0927405,True,True,2020-08-21,4.86,0.747,
GOLDSTAR,2021-03-01,2023-01-06,8.3,SM,474.18885,3948.765525,6.78,False,True,,,0.0,series SM; value < 50 L
JINDALPOLY,2020-03-25,2022-02-10,8.2,EQ,706.27484169,5769.078844815001,945.4419175,True,True,2020-06-15,4.11,0.672,
WHEELS,2020-03-24,2026-09-09,8.2,EQ,717.8418925599999,5865.388860720001,1473.3289530000002,True,True,2020-08-20,5.27,0.791,
PRITIKA,2023-03-31,2024-12-03,8.2,ST,33.4835881,275.5145635,91.245,False,True,,,0.0,series ST; mcap < 500 cr
OFSS,2020-03-23,2024-12-30,8.2,EQ,13647.925306055004,112130.57129011504,14011.122480999999,True,True,2020-03-23,8.22,1.0,
SANSERA,2022-03-25,2026-09-23,8.2,EQ,3017.684327,24764.141611999996,7546.928227,True,True,2022-09-28,6.5,0.889,
ASAHISONG,2020-03-25,2024-07-30,8.2,EQ,82.09827983000001,674.8207495,121.45067,False,True,2021-08-03,1.33,0.134,
CCL,2020-03-24,2026-07-13,8.2,EQ,2002.070196,16358.4433224,2328.8211690000003,True,True,2020-03-24,8.17,1.0,
NAVA,2022-09-28,2026-05-11,8.2,EQ,2598.7524265800002,21196.30119904,1823.7720545,True,True,2023-08-04,4.05,0.666,
ITDC,2020-03-23,2024-06-25,8.2,EQ,945.178788,7720.532541,552.0663185,True,True,2020-03-23,8.17,1.0,
SWANENERGY,2019-02-13,2024-12-13,8.2,EQ,2537.561955,20774.226655,9292.863488500001,True,True,2019-02-13,8.19,1.0,
DYNPRO,2020-03-19,2021-10-05,8.2,EQ,107.29321204,875.7868574700001,272.92324,False,True,2021-03-01,1.62,0.23,
MELSTAR,2019-11-26,2020-02-06,8.2,BE,1.2660055022727272,10.322814095454543,0.0075,False,True,,,0.0,series BE; mcap < 500 cr; value < 50 L
SURYALAXMI,2020-03-25,2024-08-01,8.2,EQ,24.446876999999997,199.90023269999998,21.3624541,False,True,,,0.0,mcap < 500 cr; value < 50 L
AKASH,2019-02-06,2020-11-09,8.1,BE,56.152238219999994,454.69822930999993,10.459168,False,True,,,0.0,series BE; mcap < 500 cr; value < 50 L
SBIN,2020-05-22,2026-02-23,8.1,EQ,134627.77102438998,1095763.85325652,101904.75730049999,True,True,2020-05-22,8.14,1.0,
STCINDIA,2020-03-24,2024-07-25,8.1,EQ,176.7,1425.06,199.4799295,False,True,2021-03-10,2.66,0.469,
KENNAMET,2020-03-23,2026-09-10,8.1,EQ,1368.5850048000002,11050.439289599999,523.206211,True,True,2021-01-15,5.36,0.804,
RPPINFRA,2020-03-27,2024-12-17,8.1,EQ,114.39153913499999,927.7286616680001,184.3947523,False,True,2024-06-24,1.67,0.245,
MHHL,2020-03-24,2023-08-31,8.1,SM,20.6977465,167.3143825,16.713,False,True,,,0.0,series SM; mcap < 500 cr; value < 50 L
BFUTILITIE,2020-05-22,2024-10-15,8.1,EQ,514.35146034,4189.39358616,1471.2484125,True,True,2020-05-22,8.15,1.0,
PILANIINVS,2020-03-24,2024-10-21,8.1,EQ,1026.9511875,8344.10296125,266.708327,True,True,2020-03-24,8.13,1.0,
BEPL,2020-03-25,2021-10-05,8.1,EQ,647.031996,5239.714875300001,1908.3027065,True,True,2020-03-25,8.1,1.0,
MAXVIL,2020-05-27,2023-08-10,8.1,EQ,,,187.306297,False,False,,,0.0,mcap unknown
VESUVIUS,2020-04-03,2025-06-10,8.1,EQ,1556.201934,12563.27352,617.009866,True,True,2021-01-05,5.64,0.828,
PNBHOUSING,2020-03-25,2026-08-26,8.0,EQ,3866.6527404199996,30772.219593,7805.293512,True,True,2020-03-25,7.96,1.0,
UCOBANK,2020-03-25,2024-02-07,8.0,EQ,10222.344240480003,81778.75392384002,6399.621364,True,True,2020-03-25,8.0,1.0,
FOSECOIND,2020-03-23,2026-09-16,8.0,EQ,545.818718435,4372.489154350001,226.865755,True,True,2022-08-08,3.81,0.643,
DYCL,2022-07-27,2026-09-03,8.0,EQ,300.71124,2396.44404,1394.6644290000002,True,True,2023-08-02,2.06,0.347,
RECLTD,2020-03-23,2024-07-11,8.0,EQ,21368.61276,170053.60592,84009.887407,True,True,2020-03-23,7.96,1.0,
CPSEETF,2020-03-25,2026-04-29,8.0,EQ,,,2323.1380918,False,False,,,0.0,mcap unknown
CELLECOR,2023-09-28,2025-01-07,8.0,SM,202.5487548,1628.148117,428.115,False,True,,,0.0,series SM
MOXSH,2023-02-27,2026-05-12,8.0,ST,15.764028,125.4848,7.2656,False,True,,,0.0,series ST; mcap < 500 cr; value < 50 L
REXPIPES,2021-08-17,2026-02-26,8.0,SM,24.57,196.56,8.5075,False,True,,,0.0,series SM; mcap < 500 cr; value < 50 L
GVKPIL,2020-03-23,2024-02-08,8.0,BE,323.61721275,2581.04459925,511.9342165,False,True,2020-04-09,5.11,0.786,
STEELCITY,2020-03-18,2024-12-16,7.9,EQ,24.700100325000005,194.06574237000004,45.515402599999994,False,True,,,0.0,mcap < 500 cr; value < 50 L
SOTL,2020-03-23,2026-08-06,7.9,EQ,685.130614725,5403.306950925,1166.063059,True,True,2021-01-12,5.5,0.825,
OBEROIRLTY,2020-05-22,2024-12-26,7.9,EQ,10649.90952173,84452.07357680502,19258.886666,True,True,2020-05-22,7.93,1.0,
GRAPHITE,2020-03-24,2026-09-09,7.9,EQ,2078.79632016,16502.399547209996,4885.3494055,True,True,2020-03-24,7.94,1.0,
OLIL,2024-06-06,2026-05-07,7.9,ST,21.676857,172.26164,105.8154,False,True,,,0.0,series ST; mcap < 500 cr
SBGLP,2023-03-17,2024-10-21,7.9,EQ,303.39206178000006,2398.6961980799997,479.64337820000003,False,True,2024-02-16,1.9,0.311,
SUPREMEENG,2023-07-26,2024-11-05,7.9,BE,12.497499999999999,98.23034999999999,20.261947199999998,False,True,,,0.0,series BE; mcap < 500 cr; value < 50 L
GNA,2020-04-03,2021-10-14,7.9,EQ,584.288188,4622.788544,952.1686255,True,True,2020-04-03,7.91,1.0,
ASAHIINDIA,2020-03-25,2025-12-02,7.9,EQ,3280.498618845,25923.110241840004,1470.5597794999999,True,True,2020-03-25,7.9,1.0,
LCCINFOTEC,2021-05-25,2024-11-14,7.9,BE,18.35603575,145.45575915,11.7639226,False,True,,,0.0,series BE; mcap < 500 cr; value < 50 L
KEC,2020-04-13,2024-12-04,7.9,EQ,4023.4329905,31889.241414800006,5930.427047,True,True,2020-04-13,7.93,1.0,
TARMAT,2020-05-26,2024-02-27,7.8,EQ,40.4970845,316.196972925,167.246131,False,True,,,0.0,mcap < 500 cr
URBAN,2023-08-21,2024-12-16,7.8,ST,38.3205,299.1164,41.5976,False,True,,,0.0,series ST; mcap < 500 cr; value < 50 L
JMTAUTOLTD,2020-03-30,2020-07-01,7.8,BE,,,3.910335,False,False,,,0.0,series BE; mcap unknown; value < 50 L
REVATHI,2020-03-24,2023-09-20,7.8,BE,,,28.1738125,False,False,,,0.0,series BE; mcap unknown; value < 50 L
ESTER,2020-03-25,2022-10-06,7.8,EQ,195.97533365,1519.017320185,209.711963,False,True,2020-08-04,2.94,0.527,
DLF,2020-03-24,2024-04-01,7.8,EQ,29901.80563488,234721.74828870004,33648.125645,True,True,2020-03-24,7.85,1.0,
PARABDRUGS,2019-08-08,2019-12-20,7.8,BE,,,0.061455,False,False,,,0.0,series BE; mcap unknown; value < 50 L
SHREDIGCEM,2019-08-26,2024-01-20,7.8,EQ,221.62311978000002,1726.75232067,385.003114,True,True,2020-08-24,2.23,0.391,
SCHAEFFLER,2020-05-27,2024-06-14,7.8,EQ,9649.563371120003,75425.89899520001,4359.6720705,True,True,2020-05-27,7.82,1.0,
HITECHCORP,2020-03-25,2026-09-01,7.8,BE,73.9413885,579.9375105,46.057675,False,True,2022-01-14,1.12,0.054,
RELCAPITAL,2020-03-24,2021-06-23,7.8,EQ,97.29292727,754.3360724700002,316.10207399999996,False,True,2021-06-11,1.47,0.187,
PTCIL,2023-06-09,2026-09-04,7.8,EQ,4163.816332855,32318.858431,2694.17301,True,True,2024-06-13,1.9,0.314,
COROMANDEL,2019-08-16,2025-07-31,7.8,EQ,10096.226077054998,79233.07439506002,15128.609675,True,True,2019-08-16,7.85,1.0,
BESTAGRO,2021-05-18,2022-12-05,7.8,EQ,312.4652391,2425.2409818,1793.61972,True,True,2022-02-25,1.81,0.29,
TIJARIA,2020-03-24,2024-05-24,7.8,BE,10.448701334999999,81.29948436000001,6.0698845,False,True,,,0.0,series BE; mcap < 500 cr; value < 50 L
SONAHISONA,2020-11-26,2023-11-20,7.8,ST,,,4.06,False,False,,,0.0,series ST; mcap unknown; value < 50 L; listed < 1y
MAHICKRA,2019-02-08,2026-09-17,7.7,SM,33.300856,255.441932,11.19,False,True,,,0.0,series SM; mcap < 500 cr; value < 50 L
PRUDENT,2022-05-26,2026-08-31,7.7,EQ,1968.887634,15214.4704992,710.638381,True,True,2023-05-25,4.03,0.681,
SUPREMEIND,2020-04-03,2024-06-19,7.7,EQ,10149.446913,78582.6325881,8178.440494500001,True,True,2020-04-03,7.74,1.0,
5PAISA,2020-03-23,2024-01-08,7.7,EQ,299.0701001599999,2288.25932664,594.4606615,True,True,2021-01-29,2.78,0.502,
DRCSYSTEMS,2021-03-10,2024-12-10,7.7,EQ,59.69797911999999,457.0074585,29.3712481,False,True,,,0.0,mcap < 500 cr; value < 50 L
NANDANI,2019-10-16,2021-08-03,7.7,SM,,,3.4225,False,False,,,0.0,series SM; mcap unknown; value < 50 L
ITTL,2024-12-30,2025-08-13,7.7,ST,5.65,43.30217948717948,0.13944,False,True,,,0.0,series ST; mcap < 500 cr; value < 50 L; listed < 1y
TINPLATE,2020-03-24,2024-01-02,7.7,EQ,,,728.1191975,False,False,,,0.0,mcap unknown
JIKIND,2019-10-09,2022-02-14,7.7,BE,,,0.3370055,False,False,,,0.0,series BE; mcap unknown; value < 50 L
JETKNIT,2021-04-08,2024-01-16,7.7,ST,7.370176,56.593152,1.9365,False,True,,,0.0,series ST; mcap < 500 cr; value < 50 L
SUNLITE,2025-03-28,2026-09-10,7.7,SM,99.824,767.584,63.9792,False,True,,,0.0,series SM
JBFIND,2019-08-26,2021-07-05,7.6,BE,,,55.203369,False,False,,,0.0,series BE; mcap unknown
JETFREIGHT,2020-06-05,2022-01-21,7.6,EQ,27.610251480000002,208.46899962,7.56,False,True,,,0.0,mcap < 500 cr; value < 50 L
VINDHYATEL,2020-03-30,2024-07-30,7.6,EQ,491.514542925,3724.7262409,600.911334,True,True,2020-04-20,5.83,0.871,
NAGAFERT,2020-03-25,2021-07-15,7.6,BE,155.49690078,1175.197730895,62.156665,False,True,2021-07-13,1.05,0.025,
SHALBY,2020-03-24,2023-12-19,7.6,EQ,459.58157135,3489.2556198500006,1216.9130195,True,True,2020-03-27,6.95,0.956,
SASKEN,2020-03-24,2026-06-18,7.6,EQ,527.6835372600001,3985.3201320900002,589.817506,True,True,2020-06-05,5.9,0.878,
PFC,2020-05-22,2024-07-11,7.6,EQ,24701.261673599998,188303.8064256,72483.02030850001,True,True,2020-05-22,7.62,1.0,
AARTISURF,2020-08-03,2021-08-06,7.6,EQ,177.287149875,1354.322135505,255.69133,False,True,2021-07-14,1.28,0.122,
IWARE,2025-06-03,2026-07-17,7.5,ST,76.19075999999998,568.8052799999999,48.1935,False,True,,,0.0,series ST; value < 50 L
MINDTREE,2019-07-19,2021-11-17,7.5,EQ,,,49863.888602,False,False,,,0.0,mcap unknown
ORICONENT,2020-03-24,2026-04-16,7.5,EQ,144.4838978,1085.5138060800002,63.9256227,False,True,2021-08-25,2.03,0.352,
RPPL,2020-05-26,2024-03-05,7.5,EQ,54.668975,410.44665000000003,231.64875149999997,False,True,,,0.0,mcap < 500 cr
SJS,2021-12-27,2026-08-24,7.5,EQ,1057.1510102400002,7950.97986768,2117.52174,True,True,2022-11-18,5.56,0.85,
NETWEB,2023-10-31,2026-08-21,7.5,EQ,4200.1079767,31401.995298,63476.134714,True,True,2024-08-01,2.48,0.452,
CENTENKA,2020-03-25,2024-08-21,7.5,EQ,239.91946721999997,1794.8073804599999,339.503411,True,True,2021-01-19,3.52,0.626,
CORALFINAC,2020-03-24,2024-09-03,7.5,EQ,38.690136,291.0223667249999,39.1103477,False,True,,,0.0,mcap < 500 cr; value < 50 L
IEX,2019-09-13,2021-12-10,7.5,EQ,3511.7832213416664,26327.228000875,52401.985085,True,True,2019-09-13,7.5,1.0,
DCMSHRIRAM,2020-03-24,2025-07-23,7.5,EQ,3012.8051587200002,22488.43850616,829.566683,True,True,2020-03-24,7.46,1.0,
MOLDTKPAC,2020-03-23,2023-02-03,7.5,EQ,482.8989166200001,3619.5890331149994,378.01094049999995,True,True,2020-03-24,6.85,0.955,
VENUSPIPES,2022-06-27,2024-08-30,7.4,EQ,662.3635498500001,4931.7517689,1458.6852959999999,True,True,2023-05-29,2.36,0.428,
MILTON,2020-05-18,2026-02-03,7.4,ST,11.8965,88.374,1.716,False,True,,,0.0,series ST; mcap < 500 cr; value < 50 L
MONTECARLO,2020-05-22,2024-12-10,7.4,EQ,267.75460656,1974.10713408,286.593387,True,True,2020-12-07,3.9,0.682,
APOLLOTYRE,2020-03-23,2024-09-26,7.4,EQ,4855.346732170001,35835.57087804999,10207.7292655,True,True,2020-03-23,7.38,1.0,
ASTRAZEN,2019-01-03,2025-06-13,7.4,EQ,3538.875,26273.75,2170.06892,True,True,2019-01-03,7.42,1.0,
EUROMULTI,2019-08-14,2020-09-22,7.4,BE,,,0.061803500000000004,False,False,,,0.0,series BE; mcap unknown; value < 50 L
COMMITTED,2024-11-26,2026-09-11,7.4,SM,52.588704,391.30752,16.2232,False,True,,,0.0,series SM; mcap < 500 cr; value < 50 L
CHAMBLFERT,2020-03-23,2025-05-06,7.4,EQ,4107.97149924,30243.74356558,11468.428808499999,True,True,2020-03-23,7.36,1.0,
JAINSTUDIO,2020-03-23,2020-07-28,7.4,BE,,,0.015725,False,False,,,0.0,series BE; mcap unknown; value < 50 L
WSTCSTPAPR,2020-03-25,2024-01-30,7.4,EQ,701.4394029600002,5171.29925186,1238.0017725,True,True,2020-03-25,7.37,1.0,
DHANBANK,2020-03-25,2024-01-30,7.4,EQ,192.28918384,1426.98815376,779.8861675,True,True,2022-12-12,2.74,0.503,
SAKHTISUG,2020-03-18,2024-02-08,7.4,EQ,71.30942160000001,527.09547466,209.1438735,False,True,2024-02-08,1.0,0.0,
PTC,2020-03-24,2024-02-02,7.4,EQ,970.9072928799999,7222.6030324,7113.2546875,True,True,2020-03-24,7.44,1.0,
ALKALI,2020-03-23,2023-01-04,7.4,EQ,23.67432645,175.1391032,106.455826,False,True,,,0.0,mcap < 500 cr
PRIVISCL,2020-11-10,2026-07-02,7.3,EQ,1999.8152336699998,14651.639766479999,2653.679626,True,True,2021-10-19,2.03,0.356,
NILAINFRA,2020-03-23,2024-08-23,7.3,EQ,86.655624,631.0104984,148.7869972,False,True,2024-02-06,1.26,0.117,
AUTOAXLES,2020-04-01,2023-05-15,7.3,EQ,545.240058,3953.29266,308.949849,True,True,2020-06-11,5.3,0.842,
CENTRALBK,2020-10-16,2024-02-07,7.3,EQ,8854.55822064,64369.165888280004,10651.929993,True,True,2020-10-16,7.27,1.0,
AHLWEST,2021-04-19,2026-05-21,7.3,BE,8.179930042765502,59.431136397006405,5.0363595000000005,False,True,,,0.0,series BE; mcap < 500 cr; value < 50 L
AUSOMENT,2020-05-29,2024-10-16,7.3,EQ,32.08346495999999,234.992648448,3.4178058,False,True,,,0.0,mcap < 500 cr; value < 50 L
ANGELBRKG,2020-10-20,2021-10-14,7.3,EQ,,,5035.3895635,False,False,,,0.0,mcap unknown
SHYAMTEL,2020-12-07,2024-11-13,7.3,BE,5.2969,38.68991,0.5031680000000001,False,True,,,0.0,series BE; mcap < 500 cr; value < 50 L
HARRMALAYA,2019-08-23,2025-01-03,7.3,EQ,83.695261675,612.9040000500001,33.4548845,False,True,,,0.0,value < 50 L
FMNL,2023-03-29,2025-01-06,7.3,BE,22.154586685,162.102521277,11.169678600000001,False,True,,,0.0,series BE; mcap < 500 cr; value < 50 L
ZOMATO,2022-07-26,2024-12-06,7.3,EQ,36280.96373639499,263897.19001058495,136308.5357205,True,True,2022-07-26,7.27,1.0,
KRIDHANINF,2020-03-30,2024-12-11,7.3,EQ,10.899608574999998,79.23541537999999,4.4445641,False,True,,,0.0,mcap < 500 cr; value < 50 L
CARERATING,2020-03-23,2025-06-11,7.3,EQ,795.83081985,5773.5694944,1063.319155,True,True,2020-03-23,7.25,1.0,
INDIGO,2020-03-23,2025-08-20,7.2,EQ,33073.56860091,237568.52969590004,52372.130235,True,True,2020-03-23,7.18,1.0,
INDNIPPON,2020-03-31,2026-09-10,7.2,EQ,429.01530615999997,3096.8729455999996,342.901925,True,True,2020-08-31,3.92,0.691,
INVENTURE,2020-03-19,2022-01-17,7.2,EQ,75.6,541.8,139.0406085,False,True,2022-01-10,1.07,0.033,
CALSOFT,2020-10-07,2021-12-21,7.2,BE,10.8199742,78.0583853,22.944835,False,True,,,0.0,series BE; mcap < 500 cr; value < 50 L
NECLIFE,2020-03-23,2024-09-12,7.2,EQ,167.07442265000003,1209.2151502400002,188.1069118,False,True,2020-07-01,2.28,0.415,
UNIHEALTH,2024-08-06,2026-08-03,7.2,SM,172.4794624,1243.31512472,132.35075,False,True,,,0.0,series SM
PARAGMILK,2020-03-24,2025-11-13,7.2,EQ,609.767493995,4361.6862515600005,2564.3317,True,True,2020-03-24,7.15,1.0,
KCP,2020-05-26,2024-07-24,7.2,EQ,484.0989558,3497.7599919600007,1792.2998824000001,True,True,2020-06-10,6.32,0.933,
PSB,2020-03-25,2024-02-07,7.2,EQ,7082.786837115,50935.065149205,1359.337455,True,True,2020-08-25,5.63,0.876,
BALKRISHNA,2020-03-31,2022-04-06,7.2,EQ,8.37707832,60.4116225,7.77503,False,True,,,0.0,mcap < 500 cr; value < 50 L
BANSWRAS,2019-08-05,2023-06-05,7.2,EQ,87.63413504,626.9606184600001,105.7923395,False,True,2022-01-06,1.22,0.101,
BHARTIARTL,2019-02-14,2025-11-21,7.2,EQ,169103.14047488,1215822.34675872,96455.075452,True,True,2019-02-14,7.19,1.0,
DELTAMAGNT,2020-09-24,2024-12-09,7.2,EQ,19.0437156,136.38772728,18.2644994,False,True,,,0.0,mcap < 500 cr; value < 50 L
LIKHITHA,2020-10-21,2024-06-24,7.2,EQ,262.14525,1894.19175,835.7067965000001,True,True,2021-10-20,2.68,0.498,
AIMTRON,2024-06-06,2026-09-22,7.2,SM,516.571841625,3711.43752325,542.4425,False,True,,,0.0,series SM
MAFANG,2022-11-10,2026-09-18,7.2,EQ,,,312.2853996,False,False,,,0.0,mcap unknown
GAYAPROJ,2020-03-30,2021-09-14,7.2,EQ,197.43955423823527,1422.0493047588236,1414.6474019999998,False,True,2020-10-19,2.7,0.503,
ALLETEC,2023-03-28,2024-12-11,7.1,ST,171.75146687999998,1228.00784256,163.2258,False,True,,,0.0,series ST
ROLLT,2023-02-28,2026-09-23,7.1,BE,22.5117,160.33333,13.1289476,False,True,,,0.0,series BE; mcap < 500 cr; value < 50 L
PROZONINTU,2020-03-26,2021-06-11,7.1,BE,,,29.6083705,False,False,,,0.0,series BE; mcap unknown; value < 50 L
PERFECT,2021-07-22,2024-02-27,7.1,ST,11.866616849999998,84.07318241,23.625,False,True,,,0.0,series ST; mcap < 500 cr; value < 50 L
KAYA,2020-03-25,2024-07-11,7.1,EQ,128.81193725999998,912.7227177149999,131.91708400000002,False,True,2021-07-07,1.73,0.279,
VARROC,2020-04-03,2026-09-10,7.1,EQ,1906.774272,13512.429216,1271.6703405,True,True,2020-04-03,7.09,1.0,
BANKA,2020-05-26,2024-02-01,7.1,BE,24.621741140000005,175.66039549,27.78323,False,True,,,0.0,series BE; mcap < 500 cr; value < 50 L
PUNJABCHEM,2020-03-25,2021-08-31,7.1,EQ,327.6455832,2326.2591163499997,321.4854855,True,True,2021-02-01,2.15,0.391,
MAYURUNIQ,2020-03-24,2026-07-02,7.1,EQ,546.990107,3884.530788,726.7826779999999,True,True,2020-03-24,7.1,1.0,
GANDHITUBE,2020-03-24,2025-09-08,7.1,EQ,181.70033404,1296.77067408,37.4967815,False,True,2021-07-12,2.29,0.422,
ANTGRAPHIC,2019-01-21,2022-01-31,7.1,BE,6.975432,49.603072,4.272831,False,True,,,0.0,series BE; mcap < 500 cr; value < 50 L
MUKTAARTS,2020-03-23,2024-09-26,7.1,EQ,35.458764,250.9667424,15.1817368,False,True,,,0.0,mcap < 500 cr; value < 50 L
ASTEC,2019-07-22,2022-10-20,7.1,EQ,620.82746196,4413.542040449999,374.302561,True,True,2020-05-04,5.43,0.862,
RAILTEL,2022-03-31,2024-07-12,7.1,EQ,2699.09200287,19156.81351383,18439.485226,True,True,2022-03-31,7.1,1.0,
AVALON,2023-05-09,2026-09-18,7.1,EQ,2337.62236481,16656.420820379997,7136.804899,True,True,2024-04-22,4.87,0.806,
VETO,2020-04-03,2024-08-27,7.0,EQ,52.66170102499999,368.82305672499996,555.8953035000001,False,True,,,0.0,mcap < 500 cr
INOXGREEN,2023-04-13,2025-11-03,7.0,EQ,1136.25522,7991.95532,2912.2497497000004,True,True,2023-11-28,3.8,0.684,
ZTECH,2024-06-05,2025-01-21,7.0,ST,134.371104,934.0711315200001,75.1008,False,True,,,0.0,series ST; listed < 1y
TORNTPHARM,2019-07-23,2026-07-31,7.0,EQ,24838.5108416,173378.8300032,17616.717511,True,True,2019-07-23,6.98,1.0,
GMRINFRA,2019-07-30,2024-07-31,7.0,EQ,8721.940922375,61403.671282575015,26910.2936844,True,True,2019-07-30,7.04,1.0,
FINEORG,2019-01-29,2022-09-14,7.0,EQ,3154.6049306400005,22062.9187296,3341.0363595,True,True,2019-07-10,5.2,0.848,
TTL,2020-04-03,2024-12-09,7.0,EQ,55.57245925,391.78046319999993,87.44485619999999,False,True,,,0.0,mcap < 500 cr
SHIVAMAUTO,2020-03-24,2024-08-09,7.0,EQ,106.33333313999998,744.8222208679998,69.5892212,False,True,2022-08-26,1.46,0.194,
HISARMETAL,2019-02-11,2023-11-17,7.0,EQ,17.334,121.716,7.09597,False,True,,,0.0,mcap < 500 cr; value < 50 L
CELEBRITY,2020-03-30,2022-09-06,7.0,EQ,19.729751245,137.567717585,5.669276999999999,False,True,,,0.0,mcap < 500 cr; value < 50 L
TATACOFFEE,2020-03-24,2024-01-12,7.0,EQ,,,1615.2969285,False,False,,,0.0,mcap unknown
GRINDWELL,2020-03-24,2024-07-04,7.0,EQ,4659.0976,32672.9184,1174.6659365,True,True,2020-03-24,7.01,1.0,
SHOPERSTOP,2020-05-26,2024-09-13,6.9,EQ,1458.8265287899999,10048.533448684997,352.8577565,True,True,2020-05-26,6.89,1.0,
IOLCP,2020-03-24,2026-09-07,6.9,EQ,903.77120329,6253.310073039998,5154.3228652,True,True,2020-03-24,6.92,1.0,
TNPETRO,2020-03-23,2021-08-06,6.9,EQ,193.88852647,1329.32852835,1121.5455145,True,True,2021-03-01,2.62,0.501,
LODHA,2021-04-19,2024-06-21,6.9,EQ,22435.1989867625,153808.29809388,12650.129492,True,True,2022-04-22,3.12,0.59,
VHL,2020-03-24,2024-11-11,6.9,EQ,255.65978239999995,1759.5474102399999,55.4223645,False,True,2022-02-17,1.49,0.208,
SYRMA,2023-01-30,2026-09-22,6.9,EQ,4477.8078174150005,30931.76940858,14365.18377,True,True,2023-08-31,3.23,0.606,
AGI,2022-06-20,2024-12-19,6.9,EQ,1197.872009215,8310.055102545,1896.0007625,True,True,2023-05-16,2.25,0.418,
AVSL,2021-01-12,2024-06-27,6.9,ST,15.726804,108.1417692,1.705,False,True,,,0.0,series ST; mcap < 500 cr; value < 50 L; listed < 1y
AVTNPL,2019-08-13,2022-04-01,6.9,EQ,288.57818,2001.01176,262.3692345,False,True,2020-07-21,3.31,0.617,
MANAKSIA,2020-03-30,2023-06-09,6.9,EQ,177.26960525,1222.53770275,179.39270649999997,False,True,2021-06-14,2.44,0.462,
KOTAKPSUBK,2020-05-26,2024-03-07,6.9,EQ,,,157.3297761,False,False,,,0.0,mcap unknown
KOTHARIPRO,2020-03-25,2024-08-12,6.9,EQ,94.00817475,643.97091897,32.111726000000004,False,True,,,0.0,value < 50 L
AKIKO,2024-08-14,2026-09-23,6.9,SM,68.279264,471.70848,65.6848,False,True,,,0.0,series SM; mcap < 500 cr
LAXMICOT,2020-04-13,2024-09-06,6.9,EQ,10.37434035,71.12853515999998,33.8801295,False,True,,,0.0,mcap < 500 cr; value < 50 L
GAL,2020-04-03,2022-01-11,6.9,BE,,,13.4717115,False,False,,,0.0,series BE; mcap unknown; value < 50 L
UFLEX,2020-03-24,2024-08-23,6.9,EQ,888.2012778,6100.42633728,701.2457434999999,True,True,2020-03-24,6.87,1.0,
CLCIND,2026-01-30,2026-08-04,6.9,BE,9.31363328,64.10399156,0.0204852,False,True,,,0.0,series BE; mcap < 500 cr; value < 50 L; listed < 1y
INDIACEM,2019-12-30,2026-01-16,6.9,EQ,2161.532976975,14830.130553855002,1389.1530175,True,True,2019-12-30,6.86,1.0,
NELCAST,2020-03-23,2023-11-12,6.9,EQ,224.463096,1548.186354,441.68424899999997,True,True,2020-08-24,3.06,0.579,
CEATLTD,2020-03-24,2025-10-23,6.9,EQ,2513.1642159599996,17404.46108484,3099.2756160000004,True,True,2020-03-24,6.93,1.0,
SGL,2020-03-25,2022-02-01,6.8,EQ,15.114911840000001,102.43051863000002,12.42894,False,True,,,0.0,mcap < 500 cr; value < 50 L
ANDHRSUGAR,2020-03-24,2022-04-22,6.8,EQ,341.41364741,2327.1426463,1025.9724745,True,True,2020-04-01,4.62,0.797,
SONUINFRA,2022-06-09,2025-05-26,6.8,ST,16.4065,111.627,20.8005,False,True,,,0.0,series ST; mcap < 500 cr; value < 50 L
NATNLSTEEL,2020-04-09,2022-01-11,6.8,BE,,,1.117451,False,False,,,0.0,series BE; mcap unknown; value < 50 L
ARSHIYA,2020-03-31,2022-02-09,6.8,EQ,179.1636222,1211.989209,66.327977,False,True,2022-01-31,1.27,0.126,
PARAS,2023-03-28,2026-08-18,6.8,EQ,1755.3927456100002,11912.95863306,20890.145075,True,True,2023-03-28,6.79,1.0,
TATASTLBSL,2020-04-03,2021-05-11,6.8,EQ,,,4432.8662045,False,False,,,0.0,mcap unknown
MUNJALAU,2020-03-23,2024-10-18,6.8,EQ,209.5,1434.4,926.537132,True,True,2020-06-23,2.73,0.522,
AXISILVER,2022-09-27,2026-01-29,6.8,EQ,,,2540.2030569999997,False,False,,,0.0,mcap unknown
TATASTLLP,2020-03-30,2021-07-29,6.8,BE,,,509.5763965,False,False,,,0.0,series BE; mcap unknown
ADROITINFO,2020-09-23,2022-12-14,6.8,EQ,10.183664839999999,69.66060098,8.983806999999999,False,True,,,0.0,mcap < 500 cr; value < 50 L
ABAN,2020-03-25,2024-02-06,6.8,EQ,76.45857312999999,517.1167617799999,77.933479,False,True,2024-01-30,1.01,0.006,
AEGISCHEM,2020-03-25,2024-06-06,6.8,EQ,4055.805,27769.365,5332.603288,True,True,2020-03-25,6.85,1.0,
ATULAUTO,2020-03-23,2024-07-02,6.7,EQ,331.3502832,2219.2698616,733.2548175,True,True,2020-08-11,4.38,0.777,
TEXINFRA,2020-03-19,2024-12-11,6.7,EQ,296.90395470000004,1976.5138374900005,544.4359506000001,True,True,2021-02-01,2.67,0.518,
KILITCH,2020-03-24,2025-05-27,6.7,EQ,117.56175188999998,784.575932415,46.281062999999996,False,True,2024-01-30,1.1,0.052,
BOMDYEING,2020-03-24,2024-10-18,6.7,EQ,772.440526,5155.730708699999,4154.222538,True,True,2020-03-24,6.67,1.0,
SHK,2020-05-12,2024-10-11,6.7,EQ,676.87771689,4530.51281673,1809.3884423,True,True,2020-05-14,6.31,0.969,
CENTRUM,2020-03-26,2021-06-21,6.7,EQ,328.6658646,2194.5727035,1011.8279229999999,True,True,2020-10-15,3.15,0.604,
STALLION,2025-03-04,2025-10-16,6.7,EQ,489.9920939580001,3286.8418994900003,3235.1056875,False,True,,,0.0,listed < 1y
XCHANGING,2020-03-23,2024-02-19,6.7,EQ,289.09264302,1923.9421753200002,783.423029,False,True,2020-09-22,2.08,0.388,
JAMNAAUTO,2020-03-23,2026-02-26,6.7,EQ,877.430147,5912.682695125,3706.9473066,True,True,2020-03-23,6.74,1.0,
SILVERBEES,2022-09-01,2026-01-29,6.7,EQ,,,93665.4737966,False,False,,,0.0,mcap unknown
KCPSUGIND,2020-03-25,2024-09-06,6.7,BE,102.046545,679.97014485,526.0267674,False,True,2024-02-09,1.19,0.091,
DIVISLAB,2019-01-03,2026-09-23,6.7,EQ,38171.727118200004,255486.961392,33001.7455,True,True,2019-01-03,6.69,1.0,
SILVER,2022-09-01,2026-01-29,6.7,EQ,,,4547.0425152,False,False,,,0.0,mcap unknown
MONARCH,2022-02-08,2024-11-07,6.7,EQ,482.80997909000007,3244.3611292200003,978.534828,True,True,2023-01-10,2.88,0.555,
CONTROLPR,2020-03-24,2024-01-20,6.7,EQ,255.58750776000005,1701.14438832,292.989986,True,True,2021-06-01,2.91,0.564,
HDFCSILVER,2022-09-07,2026-01-29,6.7,EQ,,,12347.378023,False,False,,,0.0,mcap unknown
GREENLAM,2020-03-27,2024-04-29,6.7,EQ,1185.6713711940001,7994.415372915001,283.073105,True,True,2021-02-22,3.4,0.641,
VLEGOV,2023-10-26,2025-01-03,6.6,EQ,308.848124035,2025.6834591509999,696.4529997,False,True,2024-08-20,1.9,0.341,
PNCINFRA,2020-03-25,2024-05-24,6.6,EQ,2179.3002066750005,14348.23549845,2446.981893,True,True,2020-03-25,6.58,1.0,
DBCORP,2020-05-27,2024-07-11,6.6,EQ,1056.8803656050002,7019.751307859999,413.06521549999997,True,True,2020-05-27,6.64,1.0,
PATSPINLTD,2020-03-12,2022-01-03,6.6,EQ,,,1.31527,False,False,,,0.0,mcap unknown; value < 50 L
GROBTEA,2020-03-25,2024-10-04,6.6,EQ,25.72817455,169.26430625,5.3854169999999995,False,True,,,0.0,mcap < 500 cr; value < 50 L
TATACHEM,2020-03-23,2024-03-07,6.6,EQ,5112.95849946,33506.81946395,9533.504924500001,True,True,2020-03-23,6.55,1.0,
BANARISUG,2020-03-24,2025-05-22,6.6,EQ,817.337646,5419.282149,39.251392,False,True,2021-05-19,2.36,0.455,
EMAMIREAL,2020-05-12,2024-12-11,6.6,BE,88.17626137,584.5367094940001,45.9634037,False,True,2023-12-04,1.11,0.057,
AHLADA,2019-12-24,2021-08-03,6.6,EQ,46.90322999999999,307.325985,93.27140550000001,False,True,,,0.0,mcap < 500 cr
PONNIERODE,2020-03-23,2024-07-12,6.6,EQ,75.83804676,504.08225525,179.9101465,False,True,2024-07-12,1.0,0.0,
SIRCA,2020-05-11,2025-11-18,6.6,EQ,442.58106,2930.078448,1891.426986,True,True,2021-01-21,3.02,0.585,
JYOTHYLAB,2020-03-23,2024-09-11,6.6,EQ,3238.78024008,21268.724660480002,3288.9375210000003,True,True,2020-03-23,6.57,1.0,
SIGMAADV,2026-03-16,2026-09-24,6.6,BE,1064.3541515495372,7005.571943575117,1968.3845315,False,True,,,0.0,series BE; listed < 1y
TVSSRICHAK,2020-03-24,2026-09-01,6.6,EQ,639.9379537499999,4230.9029775,153.389487,True,True,2020-06-03,4.0,0.734,
JAYSREETEA,2020-03-23,2024-10-01,6.6,EQ,69.45035863999999,457.56379735999997,364.1396622,False,True,,,0.0,mcap < 500 cr
PNBGILTS,2020-03-23,2024-06-28,6.6,EQ,394.22219345999997,2611.407013938,734.3578590000001,True,True,2020-07-01,3.97,0.73,
STEELCAS,2022-03-07,2026-09-23,6.6,EQ,550.4268,3640.1639999999993,254.83308449999998,True,True,2022-12-22,3.79,0.705,
UNIINFO,2020-10-28,2024-02-20,6.6,EQ,8.3940992,55.4972928,5.2018495,False,True,,,0.0,mcap < 500 cr; value < 50 L
GUJGASLTD,2019-02-26,2021-08-05,6.6,EQ,8033.51275875,53150.60155125,10082.1103325,True,True,2019-02-26,6.62,1.0,
DHANUKA,2019-12-03,2025-07-31,6.6,EQ,1324.96187868,8706.371450480001,1016.68302,True,True,2019-12-05,6.22,0.971,
MFSL,2020-03-23,2026-02-23,6.5,EQ,9958.286717205,64536.462177,9567.032718999999,True,True,2020-03-23,6.48,1.0,
VICEROY,2020-03-30,2021-06-17,6.5,BE,,,1.011132,False,False,,,0.0,series BE; mcap unknown; value < 50 L
ADVANIHOTR,2020-03-25,2024-04-03,6.5,EQ,125.2541675,808.8368750000001,257.910173,False,True,2023-11-01,1.59,0.247,
JAYAGROGN,2020-03-25,2024-08-20,6.5,EQ,157.04999999999998,1016.7,174.67629899999997,False,True,2021-06-01,1.79,0.312,
SIGIND,2020-03-25,2024-05-28,6.5,EQ,42.830835,277.00217,41.9601795,False,True,,,0.0,mcap < 500 cr; value < 50 L
TITAN,2020-03-23,2026-08-28,6.5,EQ,71107.23248520002,458914.4218272,30904.38699,True,True,2020-03-23,6.45,1.0,
SMVD,2020-03-19,2025-05-28,6.5,ST,3.3516449999999995,21.76533436,1.42208,False,True,,,0.0,series ST; mcap < 500 cr; value < 50 L
OSIAHYPER,2021-05-17,2024-02-12,6.5,BE,141.74868,919.003942,1029.6912654999999,False,True,2023-11-21,1.42,0.187,
GEPIL,2023-03-28,2024-07-11,6.5,EQ,660.1737652200001,4268.27213379,1425.8020869999998,True,True,2023-03-28,6.47,1.0,
BAJAJ-AUTO,2020-03-23,2024-09-27,6.5,EQ,54767.811427689994,358405.10793711996,30021.3022465,True,True,2020-03-23,6.54,1.0,
EICHERMOT,2020-04-03,2026-02-26,6.5,EQ,34714.87028775,224222.1345,30482.325205,True,True,2020-04-03,6.46,1.0,
TAKE,2023-03-28,2026-04-20,6.5,BE,190.83486000000002,1236.2351266666667,380.9758603,False,True,2024-02-07,2.41,0.47,
HIMATSEIDE,2020-05-22,2021-10-06,6.5,BE,450.9337928,2940.9153692,410.27138799999994,True,True,2020-06-04,5.82,0.939,
STERTOOLS,2020-05-27,2024-12-02,6.5,EQ,407.0735843,2653.3632612049996,1052.0034675,False,True,2021-07-09,3.53,0.673,
DOLLAR,2020-03-23,2022-01-20,6.5,EQ,572.2656508,3727.666987,346.29024350000003,True,True,2020-06-29,4.97,0.856,
DCAL,2020-03-27,2025-09-22,6.5,EQ,759.614095275,4929.260506799999,239.8269385,True,True,2020-03-27,6.49,1.0,
SHEETAL,2024-08-07,2026-09-17,6.5,SM,63.523514455000004,411.2703641,15.32425,False,True,,,0.0,series SM; mcap < 500 cr; value < 50 L
IDBI,2020-03-25,2026-02-27,6.5,EQ,19139.2758715,124738.617632175,13330.663332799999,True,True,2020-03-25,6.52,1.0,
MAXIND,2020-09-09,2024-07-10,6.5,EQ,218.22823224,1422.9085132799999,151.229455,True,True,2023-06-12,2.77,0.543,
DECCANCE,2020-03-24,2025-09-24,6.5,EQ,247.0222625,1596.57485,779.1703495,True,True,2020-11-17,3.15,0.614,
TV18BRDCST,2020-03-24,2022-04-06,6.5,EQ,2117.2347988349998,13714.881288,10635.5114065,True,True,2020-03-24,6.48,1.0,
KHADIM,2020-03-24,2024-07-31,6.4,EQ,121.65428677999999,779.9710956700001,90.548677,False,True,2021-06-23,1.5,0.22,
KKCL,2020-04-03,2023-11-21,6.4,EQ,765.692923625,4923.23602965,279.77654,True,True,2021-10-19,3.92,0.735,
VBL,2020-03-31,2024-07-29,6.4,EQ,34393.46845216,218956.69990527997,26824.413620500003,True,True,2020-03-31,6.37,1.0,
PCBL,2022-02-24,2024-09-30,6.4,EQ,3387.7268709000004,21802.240007040004,20672.1070195,True,True,2023-01-17,4.73,0.835,
PILITA,2020-03-25,2025-06-10,6.4,EQ,70.5,451.2,46.5413425,False,True,,,0.0,mcap < 500 cr; value < 50 L
EASEMYTRIP,2021-04-20,2022-11-22,6.4,EQ,1895.5296985668751,12120.757827120002,5420.544931,True,True,2022-03-25,1.61,0.255,
NHPC,2020-03-17,2024-07-15,6.4,EQ,18281.963345099997,116331.548076705,77766.263748,True,True,2020-03-17,6.36,1.0,
CINEVISTA,2020-03-17,2024-04-08,6.4,EQ,22.113042875,140.432181375,14.7283595,False,True,,,0.0,mcap < 500 cr; value < 50 L
SOLARA,2019-08-05,2021-05-19,6.4,EQ,1021.9340201299999,6518.743972365,1324.1599955,True,True,2019-08-05,6.38,1.0,
ARSSINFRA,2020-03-30,2025-05-21,6.4,BE,21.6010677,137.178148878,6.174982099999999,False,True,,,0.0,series BE; mcap < 500 cr; value < 50 L
TTKHLTCARE,2020-03-23,2024-09-09,6.4,EQ,406.67098373999994,2604.36167523,125.9127745,True,True,2021-06-09,2.76,0.547,
JALAN,2021-01-01,2022-02-10,6.4,SM,3.9977355,25.585507200000002,1.9725,False,True,,,0.0,series SM; mcap < 500 cr; value < 50 L
SMARTLINK,2020-03-19,2024-09-25,6.4,EQ,52.41862499999999,338.002875,24.729288500000003,False,True,,,0.0,mcap < 500 cr; value < 50 L
GMMPFAUDLR,2019-01-28,2020-08-11,6.4,EQ,1528.1709724666666,9717.503967599998,897.9078609999999,True,True,2019-07-18,4.81,0.85,
NAUKRI,2019-01-02,2025-01-03,6.3,EQ,18507.7514454,116775.637506,20086.696853499998,True,True,2019-01-02,6.31,1.0,
IDEA,2019-11-14,2024-06-27,6.3,EQ,14360.508315475,90154.78440766,123954.687036,True,True,2019-11-14,6.28,1.0,
SILKFLEX,2024-06-05,2026-09-22,6.3,SM,55.7136,349.83498,26.838,False,True,,,0.0,series SM; mcap < 500 cr; value < 50 L
CAPACITE,2020-04-03,2024-12-19,6.3,EQ,609.5721298149999,3851.176037359999,4297.253282,True,True,2020-04-03,6.32,1.0,
DISHTV,2020-04-01,2024-02-20,6.3,EQ,727.2961413300001,4557.10873365,10214.5578275,False,True,2020-04-01,6.27,1.0,
PANACEABIO,2020-03-23,2026-06-09,6.3,EQ,595.05099739,3722.51408815,462.2527355,True,True,2020-05-28,4.02,0.759,
MGEL,2020-09-18,2022-08-22,6.3,EQ,112.46084850000003,703.601206,160.679506,False,True,2022-03-02,1.37,0.174,
TAC,2024-04-09,2025-11-04,6.3,ST,288.0318060000001,1823.240808,235.166,False,True,,,0.0,series ST
BAJFINANCE,2020-05-26,2026-08-05,6.3,EQ,113036.4207833,716165.1416276,79327.08873399999,True,True,2020-05-26,6.34,1.0,
MONOLITH,2025-06-20,2026-09-10,6.3,SM,502.1016,3143.89504,376.331,False,True,,,0.0,series SM
DANGEE,2020-06-03,2022-09-01,6.3,EQ,91.10187499999999,576.18728125,133.835234,False,True,2022-06-30,1.13,0.064,
APRAMEYA,2024-10-07,2025-11-20,6.3,SM,106.62400000000001,671.6360000000001,47.951,False,True,,,0.0,series SM; value < 50 L
NAM-INDIA,2023-03-28,2026-08-21,6.2,EQ,12602.078584539999,78394.8299814,9682.684787999999,True,True,2023-03-28,6.22,1.0,
REPCOHOME,2020-05-26,2024-07-05,6.2,EQ,576.1901440199999,3556.92623651,992.5662884999999,True,True,2020-05-26,6.17,1.0,
JTEKTINDIA,2020-03-24,2024-07-01,6.2,EQ,871.572871985,5421.354400075,419.603557,True,True,2020-05-07,4.48,0.82,
TIDEWATER,2020-03-23,2021-07-12,6.2,EQ,983.724192,6121.208016,493.534397,True,True,2020-03-26,5.69,0.951,
ALBERTDAVD,2020-03-23,2024-09-02,6.2,EQ,157.06109824,968.7622136900002,172.054517,False,True,2023-11-15,1.86,0.341,
WFL,2020-10-26,2023-01-03,6.2,EQ,,,7.989040500000001,False,False,,,0.0,mcap unknown; value < 50 L
ROSSTECH,2025-03-17,2026-09-22,6.2,EQ,906.788706125,5632.23032975,1945.4559785,True,True,2025-12-11,2.22,0.436,
PARADEEP,2022-06-24,2025-08-06,6.2,EQ,3067.4940405449993,18866.921513120997,7921.060142,True,True,2023-06-01,4.23,0.794,
MPTODAY,2020-11-04,2023-01-13,6.2,SM,4.430959999999999,27.61356,1.652,False,True,,,0.0,series SM; mcap < 500 cr; value < 50 L
HINDCOMPOS,2020-03-23,2024-07-11,6.2,EQ,150.20073,932.736195,43.2112905,False,True,2023-08-25,1.48,0.214,
LT,2020-03-24,2026-02-23,6.2,EQ,97304.27521885,607289.1910501501,69351.410815,True,True,2020-03-24,6.24,1.0,
NOCIL,2020-03-23,2024-07-31,6.2,EQ,884.0554650249998,5508.473778775,2126.5319075,True,True,2020-03-23,6.23,1.0,
SUNPHARMA,2020-03-23,2026-07-30,6.2,EQ,77858.4197765,480130.9208466999,41682.357669000005,True,True,2020-03-23,6.17,1.0,
OWAIS,2024-03-14,2024-08-22,6.2,SM,442.7413913,2763.90631998,568.3008,False,True,,,0.0,series SM; listed < 1y
RUCHIRA,2020-03-23,2025-09-19,6.2,EQ,81.62603124,507.45426295199997,102.7681207,False,True,2025-09-18,1.01,0.006,
STAR,2022-05-12,2024-10-17,6.2,EQ,2447.69289696,15098.700216119998,4806.8988125,True,True,2022-05-12,6.17,1.0,
HINDZINC,2020-03-23,2024-05-22,6.2,EQ,53048.880045,326321.38637,6260.381718,True,True,2020-03-23,6.15,1.0,
DELTACORP,2020-03-25,2022-04-04,6.2,EQ,1441.947357345,8934.182651404999,11096.358611,True,True,2020-03-25,6.2,1.0,
DPSCLTD,2020-03-18,2021-12-02,6.2,EQ,447.9432343999999,2760.6936294,6.4877709999999995,False,True,,,0.0,value < 50 L
REMUS,2023-05-29,2024-10-11,6.1,SM,264.66864,1605.30486,118.64165,False,True,,,0.0,series SM
WIPL,2020-03-19,2024-12-19,6.1,EQ,36.495562,221.48562463999997,4.4674324,False,True,,,0.0,mcap < 500 cr; value < 50 L
VRLLOG,2020-03-24,2023-12-19,6.1,EQ,1159.508371875,7023.3078525,577.0943775,True,True,2020-03-24,6.06,1.0,
NBVENTURES,2020-03-24,2022-05-20,6.1,EQ,,,866.1418855,False,False,,,0.0,mcap unknown
MBECL,2020-03-24,2021-07-19,6.1,BE,36.151868969999995,221.21500774499998,3.8805415,False,True,,,0.0,series BE; mcap < 500 cr; value < 50 L
ANLON,2023-03-16,2026-09-22,6.1,SM,75.107,458.489,31.4076,False,True,,,0.0,series SM; mcap < 500 cr; value < 50 L
MOIL,2020-03-23,2024-07-08,6.1,EQ,1855.78512432,11327.004270315,14914.554162,True,True,2020-03-23,6.1,1.0,
HARDWYN,2022-04-12,2023-06-07,6.1,EQ,313.99332030000005,1920.5924758349995,114.71784199999999,False,True,2023-05-24,1.9,0.355,
SGIL,2023-02-23,2026-09-23,6.1,EQ,155.5713,944.5905,54.210296,True,True,2024-01-17,1.84,0.339,
TAJGVK,2020-03-24,2025-03-19,6.1,EQ,530.4546476999999,3226.932440174999,2070.068664,True,True,2020-06-24,3.1,0.627,
PEARLPOLY,2019-10-15,2024-09-19,6.1,EQ,12.45784968,76.060222776,12.7950186,False,True,,,0.0,mcap < 500 cr; value < 50 L
DALBHARAT,2020-03-23,2025-09-17,6.1,EQ,7668.822549809999,46440.54389297999,7870.89377,True,True,2020-03-23,6.06,1.0,
UJJIVAN,2022-02-24,2024-01-15,6.1,EQ,1207.7607936,7357.9660848,3325.144486,True,True,2022-02-24,6.09,1.0,
SUTLEJTEX,2020-03-23,2022-01-11,6.0,EQ,269.4980799,1625.9990535,282.7728685,False,True,2021-02-02,2.2,0.439,
GSTL,2025-11-06,2026-04-01,6.0,ST,5.692718125,34.06522526,5.7675,False,True,,,0.0,series ST; mcap < 500 cr; value < 50 L
SRPL,2020-07-13,2022-04-01,6.0,EQ,96.39,574.6986,140.45392800000002,False,True,2022-03-29,1.01,0.004,
SUPRIYA,2023-03-28,2026-06-01,6.0,EQ,1416.094866,8470.8147,968.9752065,True,True,2023-03-28,5.98,1.0,
JYOTISTRUC,2023-05-22,2024-11-04,6.0,EQ,421.96092715000003,2538.74536771,1769.4994078999998,True,True,2024-01-20,1.52,0.235,
GODREJPROP,2020-03-23,2024-07-16,6.0,EQ,15570.219728,94016.32319332,19352.3189105,True,True,2020-03-23,6.04,1.0,
GODREJIND,2020-05-06,2026-07-10,6.0,EQ,7927.366709259999,47732.545269559996,1484.8111075,True,True,2020-05-06,6.02,1.0,
EROSMEDIA,2020-03-23,2022-09-01,6.0,BE,73.37430103499999,436.8888120449999,60.206645,False,True,,,0.0,series BE; mcap < 500 cr
ACEINTEG,2019-11-07,2023-02-09,6.0,EQ,12.648000000000001,75.48,2.7688715000000004,False,True,,,0.0,mcap < 500 cr; value < 50 L
POLICYBZR,2022-11-17,2025-01-03,6.0,EQ,16743.33800037,99853.92412359,19961.878451,True,True,2022-11-18,5.51,0.955,
GATI,2020-04-28,2022-01-19,6.0,EQ,,,1800.275909,False,False,,,0.0,mcap unknown
BOSCHLTD,2020-03-24,2026-08-31,6.0,EQ,24649.1621618,147468.2,13869.86165,True,True,2020-03-24,5.98,1.0,
HUSYSLTD,2020-06-23,2020-11-27,6.0,SM,,,3.43,False,False,,,0.0,series SM; mcap unknown; value < 50 L
SUJANAUNI,2019-07-31,2020-05-19,6.0,BE,,,0.3154395,False,False,,,0.0,series BE; mcap unknown; value < 50 L
ARIHANT,2020-03-25,2021-10-28,6.0,EQ,270.317551,1610.6939790000006,4.7021625,False,True,,,0.0,value < 50 L
ENGINERSIN,2020-03-23,2026-09-23,6.0,EQ,2874.8467378949995,17209.737461259996,4938.9055656,True,True,2020-03-23,5.99,1.0,
AKG,2019-12-24,2021-03-16,5.9,EQ,59.58108,352.08446208,21.7568,False,True,,,0.0,mcap < 500 cr; value < 50 L
VISHNUINFR,2023-10-10,2024-01-09,5.9,SM,188.63312821500003,1118.878692015,531.132,False,True,,,0.0,series SM; listed < 1y
VENKEYS,2020-03-23,2021-06-23,5.9,EQ,874.0487000750002,5168.361464800001,1575.20653,True,True,2020-03-23,5.91,1.0,
SAGCEM,2020-03-24,2021-08-17,5.9,EQ,685.691796808,4029.0601671,547.8076864999999,True,True,2020-07-22,3.45,0.7,
SEQUENT,2020-03-17,2021-06-29,5.9,EQ,1361.9068827,8071.6678982,1603.7850740000001,True,True,2020-03-17,5.93,1.0,
MAKS,2022-10-12,2023-11-22,5.9,ST,13.76555815,81.4837825,12.06,False,True,,,0.0,series ST; mcap < 500 cr; value < 50 L; listed < 1y
INFIBEAM,2020-03-24,2024-03-07,5.9,EQ,1903.1867969100003,11155.17516729,13445.2027685,True,True,2020-03-24,5.86,1.0,
SUNDRMFAST,2020-04-07,2024-10-16,5.9,EQ,5271.07016145,31087.441699650008,900.8386290000001,True,True,2020-04-07,5.9,1.0,
UNIENTER,2020-03-24,2024-09-05,5.9,EQ,226.02400925,1341.956702304,31.1231079,False,True,,,0.0,value < 50 L
AUBANK,2020-05-12,2026-08-25,5.9,EQ,12708.577926484997,75459.16637028,14846.764740499999,True,True,2020-05-12,5.94,1.0,
USASEEDS,2022-08-11,2023-02-03,5.9,SM,103.77905999999999,613.073032,66.4152,False,True,,,0.0,series SM; listed < 1y
AUROPHARMA,2020-03-23,2026-09-18,5.9,EQ,17267.610807229998,101601.7548006,13014.815598,True,True,2020-03-23,5.88,1.0,
HOTELRUGBY,2019-06-17,2022-11-22,5.9,BE,,,0.110299,False,False,,,0.0,series BE; mcap unknown; value < 50 L
BALPHARMA,2020-03-25,2024-08-28,5.9,EQ,40.6962579,241.143107976,51.666154000000006,False,True,,,0.0,mcap < 500 cr
ARIHANTACA,2023-07-07,2025-11-14,5.9,ST,55.40508,326.9808,10.5082,False,True,,,0.0,series ST; mcap < 500 cr; value < 50 L
SHRIRAMEPC,2020-03-25,2022-01-06,5.9,EQ,,,112.32765,False,False,,,0.0,mcap unknown
SHIVATEX,2020-03-23,2022-01-19,5.9,EQ,64.813565,383.6963048,31.2425895,False,True,,,0.0,mcap < 500 cr; value < 50 L
SATIN,2020-05-19,2024-01-11,5.9,EQ,517.0041162,3041.8180212750003,1497.8603335,True,True,2020-05-19,5.88,1.0,
COMPINFO,2020-03-23,2022-01-06,5.8,EQ,50.49594767999999,290.75373695999997,97.6117115,False,True,,,0.0,mcap < 500 cr
AMBIKCO,2020-03-25,2022-02-04,5.8,EQ,270.992875,1568.192,358.196853,True,True,2021-01-04,3.13,0.649,
GICRE,2020-03-24,2024-12-20,5.8,EQ,15043.98,87895.44,2532.098289,True,True,2020-03-24,5.84,1.0,
JAKHARIA,2023-05-26,2025-10-16,5.8,ST,12.8010645,73.75851450000002,1.452,False,True,,,0.0,series ST; mcap < 500 cr; value < 50 L
AVANTIFEED,2020-03-23,2026-04-20,5.8,EQ,3558.05462745,20483.1680142,7858.354730499999,True,True,2020-03-23,5.76,1.0,
FINPIPE,2020-03-24,2024-06-07,5.8,EQ,3757.6081366800004,21735.30598215,2955.546147,True,True,2020-03-24,5.78,1.0,
CRISIL,2019-08-09,2024-12-31,5.8,EQ,8370.77663645,48643.21254255,2753.4421055000003,True,True,2019-08-09,5.81,1.0,
LTTS,2020-03-23,2022-01-04,5.8,EQ,10765.549135399999,62550.66864695999,14991.817015,True,True,2020-03-23,5.81,1.0,
LOVABLE,2020-03-24,2021-12-09,5.8,EQ,52.91,306.952,141.618719,False,True,,,0.0,mcap < 500 cr
KFINTECH,2023-03-20,2024-12-26,5.8,EQ,4649.188311885001,27130.062782420002,8136.214777,True,True,2024-01-04,3.21,0.661,
QUESS,2020-05-19,2021-09-17,5.8,EQ,2467.7096784,14435.0622704,1586.7269419999998,True,True,2020-05-19,5.85,1.0,
LTI,2020-03-23,2022-01-04,5.8,EQ,,,20795.60374,False,False,,,0.0,mcap unknown
ICICIB22,2020-03-23,2026-02-26,5.8,EQ,,,528.5014899,False,False,,,0.0,mcap unknown
DUGLOBAL,2022-04-19,2024-02-28,5.8,SM,104.772931,602.487936,32.5125,False,True,,,0.0,series SM; value < 50 L
BANARBEADS,2020-03-13,2024-12-04,5.8,EQ,17.917799400000003,104.22186651000003,58.451086,False,True,,,0.0,mcap < 500 cr
NTPC,2020-03-23,2024-09-30,5.8,EQ,74082.52926376,429756.24305888,60531.807993500006,True,True,2020-03-23,5.8,1.0,
PAYTM,2024-05-08,2026-09-18,5.8,EQ,20133.402469655,117435.85441783,45837.714465,True,True,2024-05-08,5.83,1.0,
EIHAHOTELS,2020-03-23,2024-08-12,5.8,EQ,520.09126929,3012.38569389,257.5079455,False,True,2021-07-15,2.82,0.59,
MINDAIND,2020-03-23,2021-12-28,5.8,EQ,,,2239.6501565,False,False,,,0.0,mcap unknown
GIPCL,2020-03-23,2024-06-19,5.8,EQ,693.48669698,3990.6113441919997,771.1084884999999,True,True,2020-03-23,5.75,1.0,
WORTH,2020-05-12,2025-01-03,5.8,EQ,48.67059,282.509936,22.9190182,False,True,,,0.0,mcap < 500 cr; value < 50 L
BANKINDIA,2020-05-19,2026-02-26,5.7,EQ,14272.61375991,80673.27458551999,13716.4919668,True,True,2020-05-19,5.65,1.0,
SUPRAJIT,2020-05-29,2024-08-16,5.7,EQ,1511.7004266,8589.83621525,1047.1556355,True,True,2020-05-29,5.68,1.0,
MEGAFLEX,2023-03-31,2026-03-17,5.7,ST,29.0115675,166.601612625,6.651,False,True,,,0.0,series ST; mcap < 500 cr; value < 50 L
QPOWER,2025-04-09,2026-09-23,5.7,EQ,2118.096135,12047.204196,2152.622899,True,True,2026-03-02,1.88,0.362,
BAJAJELEC,2020-04-03,2021-09-23,5.7,EQ,3076.6752036900007,17631.31716054,1693.7760575,True,True,2020-04-03,5.73,1.0,
KOKUYOCMLN,2020-03-23,2024-09-20,5.7,EQ,392.18788146,2216.21259357,374.5819831,False,True,2020-07-08,3.88,0.783,
ENSER,2024-04-01,2025-01-08,5.7,ST,54.257467275,308.5484885999999,31.817,False,True,,,0.0,series ST; mcap < 500 cr; value < 50 L; listed < 1y
UTSSAV,2024-08-07,2026-09-18,5.7,SM,275.21699,1555.91085,112.1766,False,True,,,0.0,series SM
SETCO,2023-03-28,2026-06-01,5.7,BE,66.8836375,382.84194105,36.4963361,False,True,,,0.0,series BE; mcap < 500 cr; value < 50 L
ESFL,2023-07-24,2024-11-25,5.7,ST,264.639272,1519.631768,806.1516,False,True,,,0.0,series ST
AKSHOPTFBR,2020-03-26,2022-02-04,5.7,EQ,43.92845217000001,248.92789563000002,99.052248,False,True,,,0.0,mcap < 500 cr
ORBTEXP,2020-05-27,2024-12-16,5.7,EQ,132.95513784000002,752.4666286899999,31.663823599999997,False,True,2022-10-28,1.5,0.233,
ONGC,2020-03-17,2024-08-01,5.7,EQ,75481.675236,429931.04186505,53466.752873000005,True,True,2020-03-17,5.7,1.0,
PIIND,2019-02-05,2024-10-01,5.7,EQ,12623.70600819,71783.15175993,12082.9951125,True,True,2019-02-05,5.69,1.0,
SANDHAR,2020-04-03,2026-06-11,5.7,EQ,779.7706221400001,4421.91036322,551.639567,True,True,2021-02-03,3.05,0.643,
ATHERENERG,2025-05-09,2026-09-01,5.7,EQ,11181.239233359998,64271.640310079994,41194.390873000004,True,True,2026-05-11,1.78,0.33,
SSINFRA,2020-11-17,2022-02-07,5.7,SM,4.837108015625,27.524428796875,0.618,False,True,,,0.0,series SM; mcap < 500 cr; value < 50 L
MEDICO,2022-07-06,2023-05-30,5.7,EQ,141.985624,802.45528,373.787102,False,True,,,0.0,listed < 1y
TATACONSUM,2020-03-23,2026-05-11,5.6,EQ,21581.7085824,121105.3051136,14358.537048,True,True,2021-03-01,2.04,0.412,
WALPAR,2022-03-29,2024-01-23,5.6,SM,12.3249525,68.8554013,3.61,False,True,,,0.0,series SM; mcap < 500 cr; value < 50 L
WINDLAS,2022-06-20,2026-09-07,5.6,EQ,426.474780375,2401.715448125,412.747499,True,True,2022-09-13,4.57,0.879,
CREDITACC,2020-04-07,2023-12-12,5.6,EQ,4999.718379870001,28070.688834450008,3606.282472,True,True,2020-04-07,5.61,1.0,
HONDAPOWER,2020-05-22,2024-10-08,5.6,EQ,781.777197325,4409.040817635,384.20468850000003,True,True,2020-08-12,4.21,0.831,
APCL,2020-04-01,2021-07-26,5.6,EQ,268.63221678,1496.6442258,367.8442415,False,True,2020-10-16,2.52,0.537,
CSBBANK,2020-03-24,2026-01-05,5.6,EQ,1729.6536951899998,9670.967426115001,1390.6035594999998,True,True,2020-12-03,2.48,0.528,
PARASPETRO,2023-03-15,2024-06-14,5.6,BE,26.73768,150.065229,4.477312,False,True,,,0.0,series BE; mcap < 500 cr; value < 50 L
VIVIMEDLAB,2020-03-23,2021-04-27,5.6,EQ,176.60663895,983.7736014749999,50.484582,False,True,2021-04-27,1.0,0.0,
DRL,2022-12-21,2025-05-21,5.6,ST,4.6827242,26.316136,1.77,False,True,,,0.0,series ST; mcap < 500 cr; value < 50 L
SUBEX,2020-03-30,2020-10-21,5.6,EQ,,,174.524432,False,False,,,0.0,mcap unknown
IPCALAB,2019-02-05,2026-09-18,5.6,EQ,9171.407480699998,50984.39964927999,4023.94811,True,True,2019-02-05,5.56,1.0,
EXCELLENT,2025-11-28,2026-08-13,5.6,ST,17.2095,96.105,16.2128,False,True,,,0.0,series ST; mcap < 500 cr; value < 50 L
ARVINDFASN,2020-05-20,2024-10-15,5.6,EQ,1504.104794345,8427.7723342,3678.3094064999996,True,True,2020-05-20,5.6,1.0,
SKFINDIA,2020-03-23,2024-06-14,5.6,EQ,6150.576976830001,34217.002951559996,2385.745466,True,True,2020-03-23,5.56,1.0,
INDUSINDBK,2020-03-25,2024-01-15,5.6,EQ,23433.07064366,131347.29955707,38723.2933985,True,True,2020-03-25,5.61,1.0,
BHAGCHEM,2021-10-21,2024-08-27,5.6,EQ,798.4647380050001,4448.3439825,913.1828188,True,True,2022-10-20,2.99,0.638,
BINDALAGRO,2020-03-25,2021-12-29,5.6,EQ,,,54.735217999999996,False,False,,,0.0,mcap unknown
BAJAJCON,2020-03-25,2026-07-10,5.6,EQ,1715.270687325,9560.583602325,4357.7306575,True,True,2020-03-25,5.57,1.0,
RAIN,2020-03-24,2021-07-29,5.6,EQ,1580.8246912999998,8928.296049055,9341.1992695,True,True,2020-03-24,5.65,1.0,
COMSYN,2024-10-07,2026-09-18,5.6,EQ,220.05671759999996,1224.734691,716.1530365000001,True,True,2025-06-18,2.35,0.497,
SHREYANIND,2020-03-23,2024-07-08,5.6,EQ,81.913125,458.02225,64.8105084,False,True,,,0.0,mcap < 500 cr
MITCON,2019-08-26,2024-06-19,5.6,EQ,43.76265076,244.708392854,22.9863685,False,True,,,0.0,mcap < 500 cr; value < 50 L
TGL,2024-04-16,2024-09-09,5.6,ST,157.49475,888.810372,299.8674,False,True,,,0.0,series ST; listed < 1y
SLONE,2024-06-04,2025-01-15,5.6,ST,44.786610499999995,250.725983605,48.072,False,True,,,0.0,series ST; mcap < 500 cr; value < 50 L; listed < 1y
SORILINFRA,2020-04-07,2021-02-23,5.5,EQ,,,180.403115,False,False,,,0.0,mcap unknown
CESC,2020-03-25,2024-08-27,5.5,EQ,5012.644581045,27626.213331630006,10541.958078,True,True,2020-03-25,5.51,1.0,
SPENTEX,2019-08-28,2020-07-02,5.5,BE,,,0.233074,False,False,,,0.0,series BE; mcap unknown; value < 50 L
JHS,2020-03-19,2024-01-30,5.5,EQ,44.78132085,247.59527397499994,83.368951,False,True,,,0.0,mcap < 500 cr
SWARAJENG,2020-03-25,2025-07-16,5.5,EQ,1009.55836305,5597.33363145,909.1505179999999,True,True,2020-03-25,5.54,1.0,
ADVENZYMES,2020-03-23,2024-09-16,5.5,EQ,1112.64954625,6149.20588425,1082.855723,True,True,2020-03-23,5.53,1.0,
AMJLAND,2020-03-25,2024-12-16,5.5,EQ,54.53,297.86500000000007,32.2340975,False,True,,,0.0,mcap < 500 cr; value < 50 L
RBLBANK,2022-06-20,2026-09-23,5.5,EQ,4652.24386264,25792.2328136,13218.930211500001,True,True,2022-06-20,5.54,1.0,
SILGO,2023-03-29,2025-12-29,5.5,EQ,15.8158,86.95609000000002,12.0926066,False,True,,,0.0,mcap < 500 cr; value < 50 L
NCLIND,2020-03-31,2021-08-03,5.5,EQ,243.8047381,1349.7464536,753.2775075,True,True,2020-09-11,2.61,0.56,
MPHASIS,2020-03-30,2021-10-19,5.5,EQ,12107.32623114,66944.226866895,23719.040318000003,True,True,2020-03-30,5.53,1.0,
SUNDARAM,2020-05-27,2022-01-11,5.5,BE,47.3877773,263.002164015,8.0974675,False,True,,,0.0,series BE; mcap < 500 cr; value < 50 L
TEGA,2022-02-24,2024-11-11,5.5,EQ,2657.092296595,14604.538188925,549.8475075,True,True,2022-12-15,3.65,0.759,
IVZINGOLD,2019-05-02,2026-01-29,5.5,EQ,,,57.538689500000004,False,False,,,0.0,mcap unknown
RKEC,2020-03-23,2024-07-22,5.5,BE,62.855372,344.7689126,102.66803660000001,False,True,,,0.0,series BE; mcap < 500 cr
SHEMAROO,2020-03-12,2024-01-30,5.5,EQ,115.119111415,628.0583398450001,149.55128,False,True,2022-10-17,1.22,0.115,
IDFCFIRSTB,2020-03-23,2023-09-05,5.5,EQ,12816.702706664997,70050.51837471999,29981.673704499997,True,True,2020-03-23,5.47,1.0,
JKLAKSHMI,2020-04-07,2025-07-22,5.5,EQ,2138.06509922,11865.261105110001,1211.6178790000001,True,True,2020-04-07,5.55,1.0,
SPARC,2020-03-24,2024-04-08,5.5,BE,2703.0813181400003,14774.464875740003,1115.426,True,True,2020-03-24,5.47,1.0,
IPSL,2022-11-15,2025-09-17,5.5,SM,50.1573096,277.450635,4.37825,False,True,,,0.0,series SM; mcap < 500 cr; value < 50 L
TAPIFRUIT,2022-11-03,2023-05-19,5.4,SM,18.59597,100.443255,11.7495,False,True,,,0.0,series SM; mcap < 500 cr; value < 50 L; listed < 1y
VTL,2020-05-12,2026-07-03,5.4,EQ,3556.5608652,19266.27105,2211.9260584999997,True,True,2020-05-12,5.42,1.0,
RADHIKAJWE,2022-11-24,2024-10-03,5.4,EQ,327.096,1775.428,1741.1232957,False,True,2023-10-19,3.07,0.663,
MITTAL,2019-01-01,2020-06-24,5.4,EQ,43.862473776,238.80182351999997,144.749717,False,True,,,0.0,mcap < 500 cr
SYNCOMF,2023-03-28,2024-09-09,5.4,EQ,470.0,2516.38,880.0767203,True,True,2023-11-22,2.43,0.53,
AXISGOLD,2019-05-03,2026-01-29,5.4,EQ,,,1526.3808357,False,False,,,0.0,mcap unknown
SHANKARA,2020-03-30,2025-08-04,5.4,EQ,502.685172,2733.2363761199995,1380.4466430000002,False,True,2020-03-30,5.44,1.0,
GUJALKALI,2020-03-23,2022-04-26,5.4,EQ,1396.1940504200002,7555.67927075,3339.9550019999997,True,True,2020-03-23,5.41,1.0,
SETFGOLD,2019-05-02,2026-01-29,5.4,EQ,,,8062.2130626,False,False,,,0.0,mcap unknown
DTIL,2020-03-23,2021-06-22,5.4,EQ,73.551989,394.9391561733333,24.030596499999998,False,True,,,0.0,mcap < 500 cr; value < 50 L
BHAGERIA,2020-03-24,2026-09-21,5.4,EQ,294.3799941,1577.3006652,104.67257210000001,True,True,2020-07-08,3.09,0.671,
IGARASHI,2020-04-03,2024-12-04,5.4,EQ,485.65999064,2610.38310588,563.1665015,True,True,2020-04-07,5.09,0.968,
CHEMBOND,2020-04-03,2024-07-24,5.4,EQ,172.87774224,937.0094664,121.69799599999999,False,True,2023-06-02,1.84,0.361,
BODALCHEM,2020-03-25,2026-09-23,5.4,EQ,465.4213905,2509.879190445,203.2463963,True,True,2020-03-26,4.93,0.947,
EMAMILTD,2020-03-24,2024-08-28,5.4,EQ,6737.3775,36655.0875,5414.7492489999995,True,True,2020-03-24,5.44,1.0,
GUJAPOLLO,2020-03-16,2025-08-28,5.4,EQ,115.699,620.1489999999999,93.608119,False,True,2025-07-31,1.07,0.04,
ALEMBICLTD,2020-03-23,2024-08-23,5.4,EQ,776.7650297,4215.587270276,2127.4011835,True,True,2020-03-23,5.43,1.0,
ANDHRAPAP,2020-03-24,2023-10-12,5.4,EQ,480.42207112,2576.7008268100003,992.0672995,True,True,2021-03-08,2.61,0.571,
UMANGDAIRY,2020-03-25,2024-07-18,5.4,EQ,65.129472,353.0193408,61.393442,False,True,,,0.0,mcap < 500 cr
BGLOBAL,2019-08-05,2022-01-31,5.3,BE,1.9132569279661014,10.170471038135593,0.371496,False,True,,,0.0,series BE; mcap < 500 cr; value < 50 L
8KMILES,2019-08-23,2020-10-20,5.3,BE,,,26.8189995,False,False,,,0.0,series BE; mcap unknown; value < 50 L
RGL,2020-05-19,2022-01-17,5.3,EQ,1861.1045235199997,9902.97946748,347.1344035,True,True,2021-05-05,2.68,0.59,
AROGRANITE,2020-03-23,2022-01-17,5.3,EQ,24.327,128.1375,75.7249845,False,True,,,0.0,mcap < 500 cr
INDOBORAX,2022-06-20,2026-09-01,5.3,EQ,310.6312,1656.00445,718.97871,True,True,2023-07-26,3.09,0.674,
GOCLCORP,2020-03-24,2023-10-27,5.3,EQ,592.3912555,3112.6566471,541.9882739999999,True,True,2021-07-08,2.33,0.511,
CEREBRAINT,2020-03-31,2022-01-11,5.3,EQ,196.53627591,1038.67462055,282.31744050000003,False,True,2021-01-20,1.93,0.396,
QGOLDHALF,2019-05-03,2026-01-29,5.3,EQ,,,211.7602579,False,False,,,0.0,mcap unknown
AGIIL,2024-08-09,2026-05-15,5.3,EQ,965.8538831999998,5120.638187999999,8117.0687615,True,True,2025-07-17,1.98,0.409,
GOLDBEES,2019-05-03,2026-01-29,5.3,EQ,,,35852.0313536,False,False,,,0.0,mcap unknown
GREENPLY,2020-04-03,2024-08-22,5.3,EQ,949.323781625,5003.27647775,1033.82579,True,True,2020-05-21,4.89,0.954,
ANSALHSG,2020-03-26,2021-12-15,5.3,EQ,,,11.7770725,False,False,,,0.0,mcap unknown; value < 50 L
ENDURANCE,2020-04-22,2025-09-10,5.3,EQ,8135.939128319999,42778.385333759994,3614.041754,True,True,2020-04-22,5.26,1.0,
LUXIND,2020-05-18,2021-11-17,5.3,EQ,2565.264747705,13670.886899410001,1853.3003144999998,True,True,2020-05-18,5.33,1.0,
ALPEXSOLAR,2024-03-26,2025-09-10,5.3,SM,631.291353,3319.694343,1119.6305,False,True,,,0.0,series SM
KSCL,2020-03-23,2025-04-15,5.3,EQ,1655.2861384,8773.01653352,1897.536573,True,True,2020-03-23,5.3,1.0,
DUDIGITAL,2021-08-26,2022-03-16,5.3,SM,,,5.64,False,False,,,0.0,series SM; mcap unknown; value < 50 L; listed < 1y
ARCOTECH,2020-03-24,2020-07-03,5.3,BE,,,0.588798,False,False,,,0.0,series BE; mcap unknown; value < 50 L
UJJIVANSFB,2022-06-22,2026-08-14,5.3,EQ,2700.0291385200003,14179.066062938,7435.5657237000005,True,True,2022-06-22,5.25,1.0,
COFORGE,2020-09-01,2026-08-28,5.3,EQ,11661.6905367,62119.62389009999,41294.023070999996,True,True,2021-08-24,2.04,0.426,
BAJAJFINSV,2020-05-26,2025-10-23,5.3,EQ,65371.165390642505,347274.09503758,18312.657365,True,True,2020-05-26,5.31,1.0,
SUNDARMFIN,2020-03-24,2026-03-05,5.3,EQ,11642.573489400002,62012.619459,3406.504735,True,True,2020-03-24,5.33,1.0,
PNB,2020-05-19,2024-04-30,5.3,EQ,29289.301384280006,155310.37444559005,61968.507677,True,True,2020-05-19,5.3,1.0,
VIJAYA,2022-06-14,2026-09-23,5.2,EQ,3073.3515155599994,16069.617927729998,2063.769311,True,True,2022-09-16,3.82,0.811,
ESILVER,2024-02-14,2026-01-29,5.2,EQ,,,743.7303577,False,False,,,0.0,mcap unknown
ROLTA,2020-03-25,2021-07-05,5.2,EQ,30.315633593597568,157.31355810731708,123.71248849999999,False,True,,,0.0,mcap < 500 cr
KHFM,2020-07-20,2024-11-04,5.2,SM,46.0954477,237.49176315,29.9243,False,True,,,0.0,series SM; mcap < 500 cr; value < 50 L
GMBREW,2020-03-23,2025-10-24,5.2,EQ,445.78917620999994,2310.6464803799995,150.01370699999998,True,True,2020-03-26,4.44,0.905,
BRFL,2020-04-03,2020-09-01,5.2,EQ,,,6.531538,False,False,,,0.0,mcap unknown; value < 50 L
INFINIUM,2023-04-17,2024-10-03,5.2,SM,102.84012680000001,538.2755216,27.2485,False,True,,,0.0,series SM; value < 50 L
KAJARIACER,2020-05-18,2024-09-24,5.2,EQ,4784.119332,24653.981131500004,2204.5029044999997,True,True,2020-05-18,5.15,1.0,
SMLT,2022-06-22,2024-02-07,5.2,EQ,114.44631,596.39395875,92.77468,False,True,2024-02-06,1.11,0.065,
SILVERADD,2024-02-28,2026-01-29,5.2,EQ,,,1388.57932,False,False,,,0.0,mcap unknown
SILVERIETF,2024-02-14,2026-01-29,5.2,EQ,,,14721.8190351,False,False,,,0.0,mcap unknown
RANEENGINE,2020-03-24,2024-08-23,5.2,EQ,88.65824602499998,465.139284225,46.999756,False,True,,,0.0,mcap < 500 cr; value < 50 L
ICICIBANK,2020-03-23,2025-07-23,5.2,EQ,199200.21285679998,1044117.7354177199,131710.93377899998,True,True,2020-03-23,5.24,1.0,
NRAIL,2020-03-23,2026-09-23,5.2,EQ,215.291615,1119.686589,38.3931945,False,True,2021-07-29,2.18,0.472,
GICHSGFIN,2020-03-24,2024-02-02,5.2,EQ,293.21905437,1519.4078271899998,1254.180202,True,True,2020-07-02,2.86,0.639,
SEL,2023-11-09,2024-08-23,5.2,SM,38.94340625,200.79215625000003,35.7392,False,True,,,0.0,series SM; mcap < 500 cr; value < 50 L; listed < 1y
CPS,2024-08-13,2026-01-06,5.2,ST,52.5,274.302,19.0353,False,True,,,0.0,series ST; mcap < 500 cr; value < 50 L
TATSILV,2024-02-28,2026-01-29,5.1,EQ,,,11145.2990548,False,False,,,0.0,mcap unknown
AMJUMBO,2022-08-16,2022-10-07,5.1,ST,5.565,28.455,1.936,False,True,,,0.0,series ST; mcap < 500 cr; value < 50 L
WILLAMAGOR,2020-03-24,2023-12-13,5.1,EQ,9.4224696,47.8245114,15.418066000000001,False,True,,,0.0,mcap < 500 cr; value < 50 L
KHANDSE,2020-09-30,2022-11-23,5.1,EQ,12.889465224999997,66.35405175,2.515573,False,True,,,0.0,mcap < 500 cr; value < 50 L
PIONEEREMB,2020-03-24,2021-08-02,5.1,EQ,40.99013184,210.74860548,248.396052,False,True,,,0.0,mcap < 500 cr
SUDARSCHEM,2019-02-11,2025-09-23,5.1,EQ,2083.740225,10548.848355000002,1258.350906,True,True,2019-02-11,5.06,1.0,
GARFIBRES,2020-03-24,2024-12-03,5.1,EQ,1935.8241641550003,9931.606334685,695.9048654999999,True,True,2020-03-24,5.13,1.0,
NGIL,2021-08-30,2022-01-04,5.1,BE,80.10476889,408.60430962000004,30.738302,False,True,,,0.0,series BE; mcap < 500 cr; value < 50 L; listed < 1y
CLSEL,2022-02-24,2024-12-31,5.1,EQ,435.85515875,2216.00661425,425.5991735,True,True,2022-05-17,3.78,0.817,
MANUGRAPH,2020-05-12,2024-02-06,5.1,EQ,19.921864954999997,100.97800252,4.017926,False,True,,,0.0,mcap < 500 cr; value < 50 L
MASPTOP50,2022-06-16,2026-09-18,5.1,EQ,,,78.2712448,False,False,,,0.0,mcap unknown
KOLTEPATIL,2020-03-23,2024-01-04,5.1,EQ,840.6087635399999,4309.069968255,938.7443315,True,True,2020-03-23,5.13,1.0,
RUPA,2020-03-23,2022-05-02,5.1,EQ,896.639414,4547.2143408,2524.360658,True,True,2020-03-23,5.07,1.0,
HERITGFOOD,2023-03-17,2024-06-10,5.1,EQ,1273.6251,6449.785980000001,1446.3742625,True,True,2023-03-17,5.06,1.0,
RVHL,2021-03-31,2024-12-23,5.1,EQ,96.46992494999999,491.7209888879999,19.09144,False,True,,,0.0,mcap < 500 cr; value < 50 L
ERIS,2020-03-24,2025-06-16,5.1,EQ,4926.08192632,25133.015532960002,2348.188592,True,True,2020-03-24,5.1,1.0,
LAL,2023-04-18,2024-09-18,5.1,EQ,109.19612532000001,551.8704150763635,33.970212599999996,False,True,,,0.0,value < 50 L
KEERTI,2022-06-17,2023-06-28,5.1,BE,,,5.846221999999999,False,False,,,0.0,series BE; mcap unknown; value < 50 L
AIRAN,2020-05-26,2024-08-12,5.0,EQ,110.6427,554.4637,96.21315890000001,False,True,2024-08-12,1.0,0.0,
MAITHANALL,2020-03-24,2022-04-11,5.0,EQ,899.8380105,4517.2392135,1134.7115555,True,True,2020-03-24,5.02,1.0,
SINTERCOM,2020-03-31,2025-01-03,5.0,EQ,97.86140721,493.408681528,23.0762769,False,True,,,0.0,mcap < 500 cr; value < 50 L
BKMINDST,2020-03-12,2021-08-10,5.0,BE,4.205101541666667,21.025507708333333,0.2626575,False,True,,,0.0,series BE; mcap < 500 cr; value < 50 L
INDIANCARD,2019-08-13,2024-12-18,5.0,EQ,48.9548288,245.4276672,10.0655625,False,True,,,0.0,mcap < 500 cr; value < 50 L
MOTHERSUMI,2020-03-23,2021-06-02,5.0,EQ,,,29079.072861,False,False,,,0.0,mcap unknown
SUNCLAYLTD,2020-03-23,2022-11-17,5.0,EQ,,,97.43535849999999,False,False,,,0.0,mcap unknown
SANDESH,2020-03-18,2024-09-11,5.0,EQ,297.591786615,1490.5703833199998,88.373175,False,True,2024-03-06,1.59,0.288,
ARIHANTCAP,2021-06-17,2024-10-16,5.0,EQ,248.2049152,1243.7315088,1181.4652631000001,True,True,2022-06-17,1.58,0.283,
